Text,Image,Bifolio
urn:cts:latinLit:stoa0162.stoa005.gen49:14.t1.header_1,"urn:cite:hcmid:gen49bifolioimgs.gen49-69v-70r@0.095,0.0122,0.87,0.1075",urn:cite:hcmid:gen49bifolios.69v_70r
urn:cts:latinLit:stoa0162.stoa005.gen49:14.t1.1,"urn:cite:hcmid:gen49bifolioimgs.gen49-69v-70r@0.116,0.1143,0.071,0.0204",urn:cite:hcmid:gen49bifolios.69v_70r
urn:cts:latinLit:stoa0162.stoa005.gen49:14.t1.1_1,"urn:cite:hcmid:gen49bifolioimgs.gen49-69v-70r@0.121,0.1401,0.731,0.0327",urn:cite:hcmid:gen49bifolios.69v_70r
urn:cts:latinLit:stoa0162.stoa005.gen49:14.t1.1_1_r1,"urn:cite:hcmid:gen49bifolioimgs.gen49-69v-70r@0.261,0.1592,0.159,0.0299",urn:cite:hcmid:gen49bifolios.69v_70r
urn:cts:latinLit:stoa0162.stoa005.gen49:14.t1.1_2,"urn:cite:hcmid:gen49bifolioimgs.gen49-69v-70r@0.1121,0.1866,0.7277,0.0858",urn:cite:hcmid:gen49bifolios.69v_70r
urn:cts:latinLit:stoa0162.stoa005.gen49:14.t1.1_3,"urn:cite:hcmid:gen49bifolioimgs.gen49-69v-70r@0.1121,0.2139,0.7277,0.0259",urn:cite:hcmid:gen49bifolios.69v_70r
urn:cts:latinLit:stoa0162.stoa005.gen49:14.t1.1_3_r1,"urn:cite:hcmid:gen49bifolioimgs.gen49-69v-70r@0.1872,0.2316,0.6937,0.0409",urn:cite:hcmid:gen49bifolios.69v_70r
urn:cts:latinLit:stoa0162.stoa005.gen49:14.t1.1_4,"urn:cite:hcmid:gen49bifolioimgs.gen49-69v-70r@0.1191,0.2657,0.7347,0.0463",urn:cite:hcmid:gen49bifolios.69v_70r
urn:cts:latinLit:stoa0162.stoa005.gen49:14.t1.2,"urn:cite:hcmid:gen49bifolioimgs.gen49-69v-70r@0.1201,0.2875,0.0651,0.0245",urn:cite:hcmid:gen49bifolios.69v_70r
urn:cts:latinLit:stoa0162.stoa005.gen49:14.t1.2_1,"urn:cite:hcmid:gen49bifolioimgs.gen49-69v-70r@0.1211,0.3106,0.7137,0.0313",urn:cite:hcmid:gen49bifolios.69v_70r
urn:cts:latinLit:stoa0162.stoa005.gen49:14.t1.2_2,"urn:cite:hcmid:gen49bifolioimgs.gen49-69v-70r@0.1211,0.3338,0.8539,0.0245",urn:cite:hcmid:gen49bifolios.69v_70r
urn:cts:latinLit:stoa0162.stoa005.gen49:14.t1.2_3,"urn:cite:hcmid:gen49bifolioimgs.gen49-69v-70r@0.1201,0.3597,0.7297,0.045",urn:cite:hcmid:gen49bifolios.69v_70r
urn:cts:latinLit:stoa0162.stoa005.gen49:14.t1.2_4,"urn:cite:hcmid:gen49bifolioimgs.gen49-69v-70r@0.1201,0.3842,0.7297,0.0327",urn:cite:hcmid:gen49bifolios.69v_70r
urn:cts:latinLit:stoa0162.stoa005.gen49:14.t1.3,"urn:cite:hcmid:gen49bifolioimgs.gen49-69v-70r@0.1211,0.4074,0.0671,0.0259",urn:cite:hcmid:gen49bifolios.69v_70r
urn:cts:latinLit:stoa0162.stoa005.gen49:14.t1.3_1,"urn:cite:hcmid:gen49bifolioimgs.gen49-69v-70r@0.1221,0.4332,0.7277,0.0259",urn:cite:hcmid:gen49bifolios.69v_70r
urn:cts:latinLit:stoa0162.stoa005.gen49:14.t1.3_2,"urn:cite:hcmid:gen49bifolioimgs.gen49-69v-70r@0.1231,0.4564,0.7277,0.0504",urn:cite:hcmid:gen49bifolios.69v_70r
urn:cts:latinLit:stoa0162.stoa005.gen49:14.t1.3_3,"urn:cite:hcmid:gen49bifolioimgs.gen49-69v-70r@0.1231,0.4837,0.7277,0.0232",urn:cite:hcmid:gen49bifolios.69v_70r
urn:cts:latinLit:stoa0162.stoa005.gen49:14.t1.3_4,"urn:cite:hcmid:gen49bifolioimgs.gen49-69v-70r@0.1201,0.5123,0.7257,0.0163",urn:cite:hcmid:gen49bifolios.69v_70r
urn:cts:latinLit:stoa0162.stoa005.gen49:14.t1.4,"urn:cite:hcmid:gen49bifolioimgs.gen49-69v-70r@0.1221,0.5354,0.0681,0.0218",urn:cite:hcmid:gen49bifolios.69v_70r
urn:cts:latinLit:stoa0162.stoa005.gen49:14.t1.4_1,"urn:cite:hcmid:gen49bifolioimgs.gen49-69v-70r@0.1231,0.5586,0.7207,0.0654",urn:cite:hcmid:gen49bifolios.69v_70r
urn:cts:latinLit:stoa0162.stoa005.gen49:14.t1.4_2,"urn:cite:hcmid:gen49bifolioimgs.gen49-69v-70r@0.1201,0.5804,0.7207,0.0218",urn:cite:hcmid:gen49bifolios.69v_70r
urn:cts:latinLit:stoa0162.stoa005.gen49:14.t1.4_3,"urn:cite:hcmid:gen49bifolioimgs.gen49-69v-70r@0.1081,0.6076,0.7307,0.0218",urn:cite:hcmid:gen49bifolios.69v_70r
urn:cts:latinLit:stoa0162.stoa005.gen49:14.t1.4_3_r1,"urn:cite:hcmid:gen49bifolioimgs.gen49-69v-70r@0.1021,0.6294,0.1141,0.0341",urn:cite:hcmid:gen49bifolios.69v_70r
urn:cts:latinLit:stoa0162.stoa005.gen49:14.t1.4_4,"urn:cite:hcmid:gen49bifolioimgs.gen49-69v-70r@0.1201,0.6512,0.8539,0.0232",urn:cite:hcmid:gen49bifolios.69v_70r
urn:cts:latinLit:stoa0162.stoa005.gen49:14.t1.5,"urn:cite:hcmid:gen49bifolioimgs.gen49-69v-70r@0.1181,0.6785,0.0641,0.0245",urn:cite:hcmid:gen49bifolios.69v_70r
urn:cts:latinLit:stoa0162.stoa005.gen49:14.t1.5_1,"urn:cite:hcmid:gen49bifolioimgs.gen49-69v-70r@0.1181,0.703,0.7267,0.0245",urn:cite:hcmid:gen49bifolios.69v_70r
urn:cts:latinLit:stoa0162.stoa005.gen49:14.t1.header_2,"urn:cite:hcmid:gen49bifolioimgs.gen49-70v-71r@0.0691,0.014,0.9059,0.1094",urn:cite:hcmid:gen49bifolios.70v_71r
urn:cts:latinLit:stoa0162.stoa005.gen49:14.t1.5_2,"urn:cite:hcmid:gen49bifolioimgs.gen49-70v-71r@0.1171,0.1136,0.7167,0.0224",urn:cite:hcmid:gen49bifolios.70v_71r
urn:cts:latinLit:stoa0162.stoa005.gen49:14.t1.5_3,"urn:cite:hcmid:gen49bifolioimgs.gen49-70v-71r@0.1171,0.136,0.7167,0.0898",urn:cite:hcmid:gen49bifolios.70v_71r
urn:cts:latinLit:stoa0162.stoa005.gen49:14.t1.5_3_r1,"urn:cite:hcmid:gen49bifolioimgs.gen49-70v-71r@0.1842,0.1585,0.1682,0.0449",urn:cite:hcmid:gen49bifolios.70v_71r
urn:cts:latinLit:stoa0162.stoa005.gen49:14.t1.5_4,"urn:cite:hcmid:gen49bifolioimgs.gen49-70v-71r@0.1231,0.1879,0.7107,0.0463",urn:cite:hcmid:gen49bifolios.70v_71r
urn:cts:latinLit:stoa0162.stoa005.gen49:14.t1.6,"urn:cite:hcmid:gen49bifolioimgs.gen49-70v-71r@0.1191,0.2202,0.0671,0.0238",urn:cite:hcmid:gen49bifolios.70v_71r
urn:cts:latinLit:stoa0162.stoa005.gen49:14.t1.6_1,"urn:cite:hcmid:gen49bifolioimgs.gen49-70v-71r@0.1241,0.2412,0.6987,0.0281",urn:cite:hcmid:gen49bifolios.70v_71r
urn:cts:latinLit:stoa0162.stoa005.gen49:14.t1.6_1_r1,"urn:cite:hcmid:gen49bifolioimgs.gen49-70v-71r@0.2673,0.2581,0.6216,0.1767",urn:cite:hcmid:gen49bifolios.70v_71r
urn:cts:latinLit:stoa0162.stoa005.gen49:14.t1.6_2,"urn:cite:hcmid:gen49bifolioimgs.gen49-70v-71r@0.1231,0.2875,0.7157,0.0266",urn:cite:hcmid:gen49bifolios.70v_71r
urn:cts:latinLit:stoa0162.stoa005.gen49:14.t1.6_3,"urn:cite:hcmid:gen49bifolioimgs.gen49-70v-71r@0.1241,0.3142,0.7157,0.0266",urn:cite:hcmid:gen49bifolios.70v_71r
urn:cts:latinLit:stoa0162.stoa005.gen49:14.t1.6_3_r1,"urn:cite:hcmid:gen49bifolioimgs.gen49-70v-71r@0.6106,0.317,0.0911,0.0323",urn:cite:hcmid:gen49bifolios.70v_71r
urn:cts:latinLit:stoa0162.stoa005.gen49:14.t1.6_4,"urn:cite:hcmid:gen49bifolioimgs.gen49-70v-71r@0.1221,0.3604,0.7618,0.0575",urn:cite:hcmid:gen49bifolios.70v_71r
urn:cts:latinLit:stoa0162.stoa005.gen49:14.t1.7,"urn:cite:hcmid:gen49bifolioimgs.gen49-70v-71r@0.1221,0.3927,0.0671,0.0238",urn:cite:hcmid:gen49bifolios.70v_71r
urn:cts:latinLit:stoa0162.stoa005.gen49:14.t1.7_r1,"urn:cite:hcmid:gen49bifolioimgs.gen49-70v-71r@0.5395,0.4208,0.0911,0.1248",urn:cite:hcmid:gen49bifolios.70v_71r
urn:cts:latinLit:stoa0162.stoa005.gen49:14.t1.7_1,"urn:cite:hcmid:gen49bifolioimgs.gen49-70v-71r@0.1231,0.5554,0.6957,0.0224",urn:cite:hcmid:gen49bifolios.70v_71r
urn:cts:latinLit:stoa0162.stoa005.gen49:14.t1.7_2,"urn:cite:hcmid:gen49bifolioimgs.gen49-70v-71r@0.1211,0.561,0.8308,0.0407",urn:cite:hcmid:gen49bifolios.70v_71r
urn:cts:latinLit:stoa0162.stoa005.gen49:14.t1.7_3,"urn:cite:hcmid:gen49bifolioimgs.gen49-70v-71r@0.1161,0.5975,0.7147,0.0323",urn:cite:hcmid:gen49bifolios.70v_71r
urn:cts:latinLit:stoa0162.stoa005.gen49:14.t1.7_4,"urn:cite:hcmid:gen49bifolioimgs.gen49-70v-71r@0.1221,0.6199,0.7147,0.0365",urn:cite:hcmid:gen49bifolios.70v_71r
urn:cts:latinLit:stoa0162.stoa005.gen49:14.t1.8,"urn:cite:hcmid:gen49bifolioimgs.gen49-70v-71r@0.1231,0.6536,0.0691,0.0224",urn:cite:hcmid:gen49bifolios.70v_71r
urn:cts:latinLit:stoa0162.stoa005.gen49:14.t1.8_1,"urn:cite:hcmid:gen49bifolioimgs.gen49-70v-71r@0.1231,0.662,0.7147,0.0477",urn:cite:hcmid:gen49bifolios.70v_71r
urn:cts:latinLit:stoa0162.stoa005.gen49:14.t1.8_2,"urn:cite:hcmid:gen49bifolioimgs.gen49-70v-71r@0.1181,0.6971,0.7147,0.0281",urn:cite:hcmid:gen49bifolios.70v_71r
urn:cts:latinLit:stoa0162.stoa005.gen49:14.t1.8_2_r1,"urn:cite:hcmid:gen49bifolioimgs.gen49-70v-71r@0.2503,0.7111,0.6396,0.0617",urn:cite:hcmid:gen49bifolios.70v_71r
urn:cts:latinLit:stoa0162.stoa005.gen49:15.t1.header_1,"urn:cite:hcmid:gen49bifolioimgs.gen49-71v-72r@0.1012,0.0028,0.8507,0.1059",urn:cite:hcmid:gen49bifolios.71v_72r
urn:cts:latinLit:stoa0162.stoa005.gen49:15.t2.header_1,"urn:cite:hcmid:gen49bifolioimgs.gen49-71v-72r@0.0862,0.1003,0.8507,0.0452",urn:cite:hcmid:gen49bifolios.71v_72r
urn:cts:latinLit:stoa0162.stoa005.gen49:15.t3.header_1,"urn:cite:hcmid:gen49bifolioimgs.gen49-71v-72r@0.1082,0.1638,0.7685,0.0311",urn:cite:hcmid:gen49bifolios.71v_72r
urn:cts:latinLit:stoa0162.stoa005.gen49:15.t3.8_3,"urn:cite:hcmid:gen49bifolioimgs.gen49-71v-72r@0.1212,0.1977,0.7004,0.065",urn:cite:hcmid:gen49bifolios.71v_72r
urn:cts:latinLit:stoa0162.stoa005.gen49:15.t3.8_4,"urn:cite:hcmid:gen49bifolioimgs.gen49-71v-72r@0.1212,0.2218,0.7054,0.048",urn:cite:hcmid:gen49bifolios.71v_72r
urn:cts:latinLit:stoa0162.stoa005.gen49:15.t3.9,"urn:cite:hcmid:gen49bifolioimgs.gen49-71v-72r@0.1182,0.2472,0.0631,0.0184",urn:cite:hcmid:gen49bifolios.71v_72r
urn:cts:latinLit:stoa0162.stoa005.gen49:15.t3.9_1,"urn:cite:hcmid:gen49bifolioimgs.gen49-71v-72r@0.1202,0.2599,0.7134,0.0424",urn:cite:hcmid:gen49bifolios.71v_72r
urn:cts:latinLit:stoa0162.stoa005.gen49:15.t3.9_1_r1,"urn:cite:hcmid:gen49bifolioimgs.gen49-71v-72r@0.3507,0.2867,0.1112,0.0395",urn:cite:hcmid:gen49bifolios.71v_72r
urn:cts:latinLit:stoa0162.stoa005.gen49:15.t3.9_2,"urn:cite:hcmid:gen49bifolioimgs.gen49-71v-72r@0.1182,0.3234,0.7124,0.0184",urn:cite:hcmid:gen49bifolios.71v_72r
urn:cts:latinLit:stoa0162.stoa005.gen49:15.t3.9_2_r1,"urn:cite:hcmid:gen49bifolioimgs.gen49-71v-72r@0.2655,0.3362,0.1493,0.0325",urn:cite:hcmid:gen49bifolios.71v_72r
urn:cts:latinLit:stoa0162.stoa005.gen49:15.t3.9_3,"urn:cite:hcmid:gen49bifolioimgs.gen49-71v-72r@0.1202,0.3701,0.6914,0.0876",urn:cite:hcmid:gen49bifolios.71v_72r
urn:cts:latinLit:stoa0162.stoa005.gen49:15.t3.9_3_r1,"urn:cite:hcmid:gen49bifolioimgs.gen49-71v-72r@0.1854,0.3856,0.0982,0.0537",urn:cite:hcmid:gen49bifolios.71v_72r
urn:cts:latinLit:stoa0162.stoa005.gen49:15.t3.9_4,"urn:cite:hcmid:gen49bifolioimgs.gen49-71v-72r@0.1232,0.411,0.8417,0.0339",urn:cite:hcmid:gen49bifolios.71v_72r
urn:cts:latinLit:stoa0162.stoa005.gen49:15.t3.10,"urn:cite:hcmid:gen49bifolioimgs.gen49-71v-72r@0.1152,0.4449,0.0661,0.0226",urn:cite:hcmid:gen49bifolios.71v_72r
urn:cts:latinLit:stoa0162.stoa005.gen49:15.t3.10_1,"urn:cite:hcmid:gen49bifolioimgs.gen49-71v-72r@0.1212,0.4718,0.6974,0.048",urn:cite:hcmid:gen49bifolios.71v_72r
urn:cts:latinLit:stoa0162.stoa005.gen49:15.t3.10_2,"urn:cite:hcmid:gen49bifolioimgs.gen49-71v-72r@0.1242,0.4986,0.7144,0.0466",urn:cite:hcmid:gen49bifolios.71v_72r
urn:cts:latinLit:stoa0162.stoa005.gen49:15.t3.10_3,"urn:cite:hcmid:gen49bifolioimgs.gen49-71v-72r@0.1242,0.5212,0.7144,0.024",urn:cite:hcmid:gen49bifolios.71v_72r
urn:cts:latinLit:stoa0162.stoa005.gen49:15.t3.10_4,"urn:cite:hcmid:gen49bifolioimgs.gen49-71v-72r@0.1232,0.5381,0.7695,0.0706",urn:cite:hcmid:gen49bifolios.71v_72r
urn:cts:latinLit:stoa0162.stoa005.gen49:15.t3.11,"urn:cite:hcmid:gen49bifolioimgs.gen49-71v-72r@0.1192,0.5706,0.0671,0.0212",urn:cite:hcmid:gen49bifolios.71v_72r
urn:cts:latinLit:stoa0162.stoa005.gen49:15.t3.11_r1,"urn:cite:hcmid:gen49bifolioimgs.gen49-71v-72r@0.7655,0.6031,0.1393,0.0621",urn:cite:hcmid:gen49bifolios.71v_72r
urn:cts:latinLit:stoa0162.stoa005.gen49:15.t3.11_1,"urn:cite:hcmid:gen49bifolioimgs.gen49-71v-72r@0.1212,0.6836,0.6814,0.0226",urn:cite:hcmid:gen49bifolios.71v_72r
urn:cts:latinLit:stoa0162.stoa005.gen49:15.t3.11_1_r1,"urn:cite:hcmid:gen49bifolioimgs.gen49-71v-72r@0.52,0.7034,0.1623,0.048",urn:cite:hcmid:gen49bifolios.71v_72r
urn:cts:latinLit:stoa0162.stoa005.gen49:15.t3.header_2,"urn:cite:hcmid:gen49bifolioimgs.gen49-72v-73r@0.0721,0.0055,0.8899,0.1151",urn:cite:hcmid:gen49bifolios.72v_73r
urn:cts:latinLit:stoa0162.stoa005.gen49:15.t3.11_2,"urn:cite:hcmid:gen49bifolioimgs.gen49-72v-73r@0.019,0.1082,0.7908,0.0361",urn:cite:hcmid:gen49bifolios.72v_73r
urn:cts:latinLit:stoa0162.stoa005.gen49:15.t3.11_3,"urn:cite:hcmid:gen49bifolioimgs.gen49-72v-73r@0.1191,0.1373,0.6877,0.0305",urn:cite:hcmid:gen49bifolios.72v_73r
urn:cts:latinLit:stoa0162.stoa005.gen49:15.t3.11_3_r1,"urn:cite:hcmid:gen49bifolioimgs.gen49-72v-73r@0.3463,0.1498,0.1532,0.0555",urn:cite:hcmid:gen49bifolios.72v_73r
urn:cts:latinLit:stoa0162.stoa005.gen49:15.t3.11_4,"urn:cite:hcmid:gen49bifolioimgs.gen49-72v-73r@0.1171,0.1886,0.6967,0.025",urn:cite:hcmid:gen49bifolios.72v_73r
urn:cts:latinLit:stoa0162.stoa005.gen49:15.t3.12,"urn:cite:hcmid:gen49bifolioimgs.gen49-72v-73r@0.1241,0.2122,0.0771,0.0305",urn:cite:hcmid:gen49bifolios.72v_73r
urn:cts:latinLit:stoa0162.stoa005.gen49:15.t3.12_1,"urn:cite:hcmid:gen49bifolioimgs.gen49-72v-73r@0.1191,0.2344,0.6977,0.0291",urn:cite:hcmid:gen49bifolios.72v_73r
urn:cts:latinLit:stoa0162.stoa005.gen49:15.t3.12_2,"urn:cite:hcmid:gen49bifolioimgs.gen49-72v-73r@0.1221,0.2635,0.6977,0.0291",urn:cite:hcmid:gen49bifolios.72v_73r
urn:cts:latinLit:stoa0162.stoa005.gen49:15.t3.12_3,"urn:cite:hcmid:gen49bifolioimgs.gen49-72v-73r@0.1231,0.2774,0.8248,0.0347",urn:cite:hcmid:gen49bifolios.72v_73r
urn:cts:latinLit:stoa0162.stoa005.gen49:15.t3.12_4,"urn:cite:hcmid:gen49bifolioimgs.gen49-72v-73r@0.1211,0.3107,0.7037,0.025",urn:cite:hcmid:gen49bifolios.72v_73r
urn:cts:latinLit:stoa0162.stoa005.gen49:15.t3.13,"urn:cite:hcmid:gen49bifolioimgs.gen49-72v-73r@0.1221,0.3287,0.2623,0.043",urn:cite:hcmid:gen49bifolios.72v_73r
urn:cts:latinLit:stoa0162.stoa005.gen49:15.t3.13_1,"urn:cite:hcmid:gen49bifolioimgs.gen49-72v-73r@0.1261,0.3592,0.6767,0.0985",urn:cite:hcmid:gen49bifolios.72v_73r
urn:cts:latinLit:stoa0162.stoa005.gen49:15.t3.13_2,"urn:cite:hcmid:gen49bifolioimgs.gen49-72v-73r@0.1201,0.3828,0.6877,0.0305",urn:cite:hcmid:gen49bifolios.72v_73r
urn:cts:latinLit:stoa0162.stoa005.gen49:15.t3.13_3,"urn:cite:hcmid:gen49bifolioimgs.gen49-72v-73r@0.1211,0.4064,0.6877,0.0305",urn:cite:hcmid:gen49bifolios.72v_73r
urn:cts:latinLit:stoa0162.stoa005.gen49:15.t3.13_4,"urn:cite:hcmid:gen49bifolioimgs.gen49-72v-73r@0.1211,0.4341,0.6877,0.0305",urn:cite:hcmid:gen49bifolios.72v_73r
urn:cts:latinLit:stoa0162.stoa005.gen49:15.t3.14,"urn:cite:hcmid:gen49bifolioimgs.gen49-72v-73r@0.1231,0.4466,0.7708,0.0472",urn:cite:hcmid:gen49bifolios.72v_73r
urn:cts:latinLit:stoa0162.stoa005.gen49:15.t3.14_1,"urn:cite:hcmid:gen49bifolioimgs.gen49-72v-73r@0.1101,0.4854,0.6867,0.0305",urn:cite:hcmid:gen49bifolios.72v_73r
urn:cts:latinLit:stoa0162.stoa005.gen49:15.t3.14_1_r1,"urn:cite:hcmid:gen49bifolioimgs.gen49-72v-73r@0.3624,0.5062,0.1131,0.0444",urn:cite:hcmid:gen49bifolios.72v_73r
urn:cts:latinLit:stoa0162.stoa005.gen49:15.t3.14_2,"urn:cite:hcmid:gen49bifolioimgs.gen49-72v-73r@0.1251,0.5354,0.6887,0.0319",urn:cite:hcmid:gen49bifolios.72v_73r
urn:cts:latinLit:stoa0162.stoa005.gen49:15.t3.14_3,"urn:cite:hcmid:gen49bifolioimgs.gen49-72v-73r@0.1111,0.5589,0.6897,0.0319",urn:cite:hcmid:gen49bifolios.72v_73r
urn:cts:latinLit:stoa0162.stoa005.gen49:15.t3.14_3_r1,"urn:cite:hcmid:gen49bifolioimgs.gen49-72v-73r@0.0991,0.5811,0.1862,0.0319",urn:cite:hcmid:gen49bifolios.72v_73r
urn:cts:latinLit:stoa0162.stoa005.gen49:15.t3.14_4,"urn:cite:hcmid:gen49bifolioimgs.gen49-72v-73r@0.1171,0.6061,0.6897,0.0402",urn:cite:hcmid:gen49bifolios.72v_73r
urn:cts:latinLit:stoa0162.stoa005.gen49:15.t3.15,"urn:cite:hcmid:gen49bifolioimgs.gen49-72v-73r@0.1111,0.6338,0.0871,0.0264",urn:cite:hcmid:gen49bifolios.72v_73r
urn:cts:latinLit:stoa0162.stoa005.gen49:15.t3.15_1,"urn:cite:hcmid:gen49bifolioimgs.gen49-72v-73r@0.1171,0.6477,0.8599,0.0402",urn:cite:hcmid:gen49bifolios.72v_73r
urn:cts:latinLit:stoa0162.stoa005.gen49:15.t3.15_2,"urn:cite:hcmid:gen49bifolioimgs.gen49-72v-73r@0.1221,0.6796,0.6857,0.0305",urn:cite:hcmid:gen49bifolios.72v_73r
urn:cts:latinLit:stoa0162.stoa005.gen49:15.t3.15_3,"urn:cite:hcmid:gen49bifolioimgs.gen49-72v-73r@0.1241,0.706,0.6857,0.0277",urn:cite:hcmid:gen49bifolios.72v_73r
urn:cts:latinLit:stoa0162.stoa005.gen49:15.t3.15_header_3,"urn:cite:hcmid:gen49bifolioimgs.gen49-73v-74r@0.0991,0.0153,0.8829,0.1028",urn:cite:hcmid:gen49bifolios.73v_74r
urn:cts:latinLit:stoa0162.stoa005.gen49:15.t3.15_4,"urn:cite:hcmid:gen49bifolioimgs.gen49-73v-74r@0.1121,0.1097,0.7387,0.0667",urn:cite:hcmid:gen49bifolios.73v_74r
urn:cts:latinLit:stoa0162.stoa005.gen49:15.t3.16,"urn:cite:hcmid:gen49bifolioimgs.gen49-73v-74r@0.1151,0.1319,0.2713,0.0444",urn:cite:hcmid:gen49bifolios.73v_74r
urn:cts:latinLit:stoa0162.stoa005.gen49:15.t3.16_1,"urn:cite:hcmid:gen49bifolioimgs.gen49-73v-74r@0.1151,0.1417,0.7097,0.1625",urn:cite:hcmid:gen49bifolios.73v_74r
urn:cts:latinLit:stoa0162.stoa005.gen49:15.t3.16_2,"urn:cite:hcmid:gen49bifolioimgs.gen49-73v-74r@0.1161,0.1861,0.7037,0.0417",urn:cite:hcmid:gen49bifolios.73v_74r
urn:cts:latinLit:stoa0162.stoa005.gen49:15.t3.16_2_r1,"urn:cite:hcmid:gen49bifolioimgs.gen49-73v-74r@0.5676,0.2125,0.1682,0.0375",urn:cite:hcmid:gen49bifolios.73v_74r
urn:cts:latinLit:stoa0162.stoa005.gen49:15.t3.16_3,"urn:cite:hcmid:gen49bifolioimgs.gen49-73v-74r@0.1161,0.2375,0.7017,0.1861",urn:cite:hcmid:gen49bifolios.73v_74r
urn:cts:latinLit:stoa0162.stoa005.gen49:15.t3.16_3_r1,"urn:cite:hcmid:gen49bifolioimgs.gen49-73v-74r@0.3383,0.2556,0.1481,0.0431",urn:cite:hcmid:gen49bifolios.73v_74r
urn:cts:latinLit:stoa0162.stoa005.gen49:15.t3.16_4,"urn:cite:hcmid:gen49bifolioimgs.gen49-73v-74r@0.1091,0.2861,0.7137,0.0486",urn:cite:hcmid:gen49bifolios.73v_74r
urn:cts:latinLit:stoa0162.stoa005.gen49:15.t3.17,"urn:cite:hcmid:gen49bifolioimgs.gen49-73v-74r@0.1191,0.3069,0.7868,0.0431",urn:cite:hcmid:gen49bifolios.73v_74r
urn:cts:latinLit:stoa0162.stoa005.gen49:15.t3.17_1,"urn:cite:hcmid:gen49bifolioimgs.gen49-73v-74r@0.1201,0.3389,0.7748,0.0736",urn:cite:hcmid:gen49bifolios.73v_74r
urn:cts:latinLit:stoa0162.stoa005.gen49:15.t3.17_2,"urn:cite:hcmid:gen49bifolioimgs.gen49-73v-74r@0.1161,0.3889,0.6977,0.0236",urn:cite:hcmid:gen49bifolios.73v_74r
urn:cts:latinLit:stoa0162.stoa005.gen49:15.t3.17_3,"urn:cite:hcmid:gen49bifolioimgs.gen49-73v-74r@0.1191,0.4056,0.8649,0.05",urn:cite:hcmid:gen49bifolios.73v_74r
urn:cts:latinLit:stoa0162.stoa005.gen49:15.t3.17_4,"urn:cite:hcmid:gen49bifolioimgs.gen49-73v-74r@0.1201,0.4403,0.7037,0.0375",urn:cite:hcmid:gen49bifolios.73v_74r
urn:cts:latinLit:stoa0162.stoa005.gen49:15.t3.18,"urn:cite:hcmid:gen49bifolioimgs.gen49-73v-74r@0.1211,0.4653,0.0781,0.025",urn:cite:hcmid:gen49bifolios.73v_74r
urn:cts:latinLit:stoa0162.stoa005.gen49:15.t3.18_r1,"urn:cite:hcmid:gen49bifolioimgs.gen49-73v-74r@0.1011,0.4847,0.1852,0.0597",urn:cite:hcmid:gen49bifolios.73v_74r
urn:cts:latinLit:stoa0162.stoa005.gen49:15.t3.18_1,"urn:cite:hcmid:gen49bifolioimgs.gen49-73v-74r@0.1171,0.5528,0.7037,0.05",urn:cite:hcmid:gen49bifolios.73v_74r
urn:cts:latinLit:stoa0162.stoa005.gen49:15.t3.18_2,"urn:cite:hcmid:gen49bifolioimgs.gen49-73v-74r@0.1171,0.5792,0.7037,0.0264",urn:cite:hcmid:gen49bifolios.73v_74r
urn:cts:latinLit:stoa0162.stoa005.gen49:15.t3.18_3,"urn:cite:hcmid:gen49bifolioimgs.gen49-73v-74r@0.1191,0.5986,0.7037,0.0264",urn:cite:hcmid:gen49bifolios.73v_74r
urn:cts:latinLit:stoa0162.stoa005.gen49:15.t3.18_4,"urn:cite:hcmid:gen49bifolioimgs.gen49-73v-74r@0.1181,0.6264,0.7077,0.0264",urn:cite:hcmid:gen49bifolios.73v_74r
urn:cts:latinLit:stoa0162.stoa005.gen49:15.t3.19,"urn:cite:hcmid:gen49bifolioimgs.gen49-73v-74r@0.1191,0.6528,0.0751,0.0264",urn:cite:hcmid:gen49bifolios.73v_74r
urn:cts:latinLit:stoa0162.stoa005.gen49:15.t3.19_1,"urn:cite:hcmid:gen49bifolioimgs.gen49-73v-74r@0.1181,0.675,0.7027,0.0264",urn:cite:hcmid:gen49bifolios.73v_74r
urn:cts:latinLit:stoa0162.stoa005.gen49:15.t3.19_1_r1,"urn:cite:hcmid:gen49bifolioimgs.gen49-73v-74r@0.3544,0.6986,0.1191,0.0403",urn:cite:hcmid:gen49bifolios.73v_74r
urn:cts:latinLit:stoa0162.stoa005.gen49:15.t3.19_2,"urn:cite:hcmid:gen49bifolioimgs.gen49-73v-74r@0.1161,0.7278,0.7217,0.0236",urn:cite:hcmid:gen49bifolios.73v_74r
urn:cts:latinLit:stoa0162.stoa005.gen49:15.t3.header_4,"urn:cite:hcmid:gen49bifolioimgs.gen49-74v-75r@0.0691,0.0014,0.8889,0.1094",urn:cite:hcmid:gen49bifolios.74v_75r
urn:cts:latinLit:stoa0162.stoa005.gen49:15.t3.19_3,"urn:cite:hcmid:gen49bifolioimgs.gen49-74v-75r@0.1111,0.108,0.6997,0.0235",urn:cite:hcmid:gen49bifolios.74v_75r
urn:cts:latinLit:stoa0162.stoa005.gen49:15.t3.19_4,"urn:cite:hcmid:gen49bifolioimgs.gen49-74v-75r@0.1081,0.1343,0.7087,0.0263",urn:cite:hcmid:gen49bifolios.74v_75r
urn:cts:latinLit:stoa0162.stoa005.gen49:15.t3.20,"urn:cite:hcmid:gen49bifolioimgs.gen49-74v-75r@0.1111,0.1607,0.0751,0.0263",urn:cite:hcmid:gen49bifolios.74v_75r
urn:cts:latinLit:stoa0162.stoa005.gen49:15.t3.20_1,"urn:cite:hcmid:gen49bifolioimgs.gen49-74v-75r@0.1111,0.1676,0.8218,0.0485",urn:cite:hcmid:gen49bifolios.74v_75r
urn:cts:latinLit:stoa0162.stoa005.gen49:15.t3.20_1_r1,"urn:cite:hcmid:gen49bifolioimgs.gen49-74v-75r@0.2553,0.2036,0.1091,0.0429",urn:cite:hcmid:gen49bifolios.74v_75r
urn:cts:latinLit:stoa0162.stoa005.gen49:15.t3.20_2,"urn:cite:hcmid:gen49bifolioimgs.gen49-74v-75r@0.1131,0.2327,0.7087,0.0346",urn:cite:hcmid:gen49bifolios.74v_75r
urn:cts:latinLit:stoa0162.stoa005.gen49:15.t3.20_3,"urn:cite:hcmid:gen49bifolioimgs.gen49-74v-75r@0.1101,0.2535,0.7017,0.0512",urn:cite:hcmid:gen49bifolios.74v_75r
urn:cts:latinLit:stoa0162.stoa005.gen49:15.t3.20_4,"urn:cite:hcmid:gen49bifolioimgs.gen49-74v-75r@0.1141,0.2812,0.7017,0.0291",urn:cite:hcmid:gen49bifolios.74v_75r
urn:cts:latinLit:stoa0162.stoa005.gen49:15.t3.21,"urn:cite:hcmid:gen49bifolioimgs.gen49-74v-75r@0.1071,0.3102,0.0661,0.0291",urn:cite:hcmid:gen49bifolios.74v_75r
urn:cts:latinLit:stoa0162.stoa005.gen49:15.t3.20_4,"urn:cite:hcmid:gen49bifolioimgs.gen49-74v-75r@0.1141,0.2812,0.7017,0.0291",urn:cite:hcmid:gen49bifolios.74v_75r
urn:cts:latinLit:stoa0162.stoa005.gen49:15.t3.21_1,"urn:cite:hcmid:gen49bifolioimgs.gen49-74v-75r@0.1131,0.3283,0.7087,0.0374",urn:cite:hcmid:gen49bifolios.74v_75r
urn:cts:latinLit:stoa0162.stoa005.gen49:15.t3.21_2,"urn:cite:hcmid:gen49bifolioimgs.gen49-74v-75r@0.1121,0.3546,0.7107,0.0291",urn:cite:hcmid:gen49bifolios.74v_75r
urn:cts:latinLit:stoa0162.stoa005.gen49:15.t3.21_3,"urn:cite:hcmid:gen49bifolioimgs.gen49-74v-75r@0.1121,0.3753,0.7107,0.0568",urn:cite:hcmid:gen49bifolios.74v_75r
urn:cts:latinLit:stoa0162.stoa005.gen49:15.t3.21_3_r1,"urn:cite:hcmid:gen49bifolioimgs.gen49-74v-75r@0.3413,0.4003,0.1201,0.0374",urn:cite:hcmid:gen49bifolios.74v_75r
urn:cts:latinLit:stoa0162.stoa005.gen49:15.t3.21_4,"urn:cite:hcmid:gen49bifolioimgs.gen49-74v-75r@0.1081,0.4294,0.7047,0.0305",urn:cite:hcmid:gen49bifolios.74v_75r
urn:cts:latinLit:stoa0162.stoa005.gen49:15.t3.22,"urn:cite:hcmid:gen49bifolioimgs.gen49-74v-75r@0.1101,0.4404,0.7758,0.0679",urn:cite:hcmid:gen49bifolios.74v_75r
urn:cts:latinLit:stoa0162.stoa005.gen49:15.t3.22_1,"urn:cite:hcmid:gen49bifolioimgs.gen49-74v-75r@0.1101,0.4792,0.7758,0.0416",urn:cite:hcmid:gen49bifolios.74v_75r
urn:cts:latinLit:stoa0162.stoa005.gen49:15.t3.22_2,"urn:cite:hcmid:gen49bifolioimgs.gen49-74v-75r@0.1091,0.5055,0.7758,0.0319",urn:cite:hcmid:gen49bifolios.74v_75r
urn:cts:latinLit:stoa0162.stoa005.gen49:15.t3.22_3,"urn:cite:hcmid:gen49bifolioimgs.gen49-74v-75r@0.1111,0.518,0.8308,0.0429",urn:cite:hcmid:gen49bifolios.74v_75r
urn:cts:latinLit:stoa0162.stoa005.gen49:15.t3.22_4,"urn:cite:hcmid:gen49bifolioimgs.gen49-74v-75r@0.1101,0.5526,0.8308,0.0319",urn:cite:hcmid:gen49bifolios.74v_75r
urn:cts:latinLit:stoa0162.stoa005.gen49:15.t3.23,"urn:cite:hcmid:gen49bifolioimgs.gen49-74v-75r@0.1081,0.5803,0.0761,0.0319",urn:cite:hcmid:gen49bifolios.74v_75r
urn:cts:latinLit:stoa0162.stoa005.gen49:15.t3.23_1,"urn:cite:hcmid:gen49bifolioimgs.gen49-74v-75r@0.1081,0.5928,0.7007,0.0471",urn:cite:hcmid:gen49bifolios.74v_75r
urn:cts:latinLit:stoa0162.stoa005.gen49:15.t3.23_2,"urn:cite:hcmid:gen49bifolioimgs.gen49-74v-75r@0.1111,0.626,0.6997,0.0291",urn:cite:hcmid:gen49bifolios.74v_75r
urn:cts:latinLit:stoa0162.stoa005.gen49:15.t3.23_3,"urn:cite:hcmid:gen49bifolioimgs.gen49-74v-75r@0.1131,0.6496,0.7017,0.0332",urn:cite:hcmid:gen49bifolios.74v_75r
urn:cts:latinLit:stoa0162.stoa005.gen49:15.t3.23_4,"urn:cite:hcmid:gen49bifolioimgs.gen49-74v-75r@0.1111,0.6745,0.7057,0.0346",urn:cite:hcmid:gen49bifolios.74v_75r
urn:cts:latinLit:stoa0162.stoa005.gen49:15.t3.24,"urn:cite:hcmid:gen49bifolioimgs.gen49-74v-75r@0.1111,0.6925,0.7057,0.0457",urn:cite:hcmid:gen49bifolios.74v_75r
urn:cts:latinLit:stoa0162.stoa005.gen49:15.t3.header_5,"urn:cite:hcmid:gen49bifolioimgs.gen49-75v-76r@0.0861,0.0069,0.8839,0.1111",urn:cite:hcmid:gen49bifolios.75v-76r
urn:cts:latinLit:stoa0162.stoa005.gen49:15.t3.24_1,"urn:cite:hcmid:gen49bifolioimgs.gen49-75v-76r@0.1161,0.1125,0.7017,0.0194",urn:cite:hcmid:gen49bifolios.75v-76r
urn:cts:latinLit:stoa162.stoa005.gen49:15.t3.24_2,"urn:cite:hcmid:gen49bifolioimgs.gen49-75v-76r@0.1161,0.1389,0.7017,0.2",urn:cite:hcmid:gen49bifolios.75v-76r
urn:cts:latinLit:stoa0162.stoa005.gen49:15.t3.24_3,"urn:cite:hcmid:gen49bifolioimgs.gen49-75v-76r@0.1151,0.1611,0.7017,0.0264",urn:cite:hcmid:gen49bifolios.75v-76r
urn:cts:latinLit:stoa0162.stoa005.gen49:15.t3.24_4,"urn:cite:hcmid:gen49bifolioimgs.gen49-75v-76r@0.1141,0.1861,0.7017,0.0264",urn:cite:hcmid:gen49bifolios.75v-76r
urn:cts:latinLit:stoa0162.stoa005.gen49:15.t3.25,"urn:cite:hcmid:gen49bifolioimgs.gen49-75v-76r@0.1141,0.2014,0.7768,0.0375",urn:cite:hcmid:gen49bifolios.75v-76r
urn:cts:latinLit:stoa0162.stoa005.gen49:15.t3.25_1,"urn:cite:hcmid:gen49bifolioimgs.gen49-75v-76r@0.1111,0.225,0.8348,0.0389",urn:cite:hcmid:gen49bifolios.75v-76r
urn:cts:latinLit:stoa0162.stoa005.gen49:15.t3.25_2,"urn:cite:hcmid:gen49bifolioimgs.gen49-75v-76r@0.1141,0.2625,0.8348,0.0264",urn:cite:hcmid:gen49bifolios.75v-76r
urn:cts:latinLit:stoa0162.stoa005.gen49:15.t3.25_3,"urn:cite:hcmid:gen49bifolioimgs.gen49-75v-76r@0.1171,0.2861,0.8348,0.0264",urn:cite:hcmid:gen49bifolios.75v-76r
urn:cts:latinLit:stoa0162.stoa005.gen49:15.t3.25_4,"urn:cite:hcmid:gen49bifolioimgs.gen49-75v-76r@0.1111,0.3097,0.8348,0.0264",urn:cite:hcmid:gen49bifolios.75v-76r
urn:cts:latinLit:stoa0162.stoa005.gen49:15.t3.26,"urn:cite:hcmid:gen49bifolioimgs.gen49-75v-76r@0.1161,0.3361,0.3664,0.0778",urn:cite:hcmid:gen49bifolios.75v-76r
urn:cts:latinLit:stoa0162.stoa005.gen49:15.t3.26_1,"urn:cite:hcmid:gen49bifolioimgs.gen49-75v-76r@0.1171,0.3583,0.7197,0.0236",urn:cite:hcmid:gen49bifolios.75v-76r
urn:cts:latinLit:stoa0162.stoa005.gen49:15.t3.26_2,"urn:cite:hcmid:gen49bifolioimgs.gen49-75v-76r@0.1171,0.3819,0.7147,0.0292",urn:cite:hcmid:gen49bifolios.75v-76r
urn:cts:latinLit:stoa0162.stoa005.gen49:15.t3.26_3,"urn:cite:hcmid:gen49bifolioimgs.gen49-75v-76r@0.1141,0.4069,0.7097,0.0278",urn:cite:hcmid:gen49bifolios.75v-76r
urn:cts:latinLit:stoa0162.stoa005.gen49:15.t3.26_3_r1,"urn:cite:hcmid:gen49bifolioimgs.gen49-75v-76r@0.5986,0.4194,0.2883,0.0458",urn:cite:hcmid:gen49bifolios.75v-76r
urn:cts:latinLit:stoa0162.stoa005.gen49:15.t3.26_4,"urn:cite:hcmid:gen49bifolioimgs.gen49-75v-76r@0.1161,0.4583,0.7838,0.0569",urn:cite:hcmid:gen49bifolios.75v-76r
urn:cts:latinLit:stoa0162.stoa005.gen49:15.t3.27,"urn:cite:hcmid:gen49bifolioimgs.gen49-75v-76r@0.1091,0.4875,0.0851,0.0264",urn:cite:hcmid:gen49bifolios.75v-76r
urn:cts:latinLit:stoa0162.stoa005.gen49:15.t3.27_1,"urn:cite:hcmid:gen49bifolioimgs.gen49-75v-76r@0.1141,0.4958,0.7067,0.0625",urn:cite:hcmid:gen49bifolios.75v-76r
urn:cts:latinLit:stoa0162.stoa005.gen49:15.t3.27_2,"urn:cite:hcmid:gen49bifolioimgs.gen49-75v-76r@0.1141,0.5347,0.7177,0.0403",urn:cite:hcmid:gen49bifolios.75v-76r
urn:cts:latinLit:stoa0162.stoa005.gen49:15.t3.27_3,"urn:cite:hcmid:gen49bifolioimgs.gen49-75v-76r@0.1161,0.5472,0.8659,0.0361",urn:cite:hcmid:gen49bifolios.75v-76r
urn:cts:latinLit:stoa0162.stoa005.gen49:15.t3.27_4,"urn:cite:hcmid:gen49bifolioimgs.gen49-75v-76r@0.1161,0.5792,0.7077,0.0306",urn:cite:hcmid:gen49bifolios.75v-76r
urn:cts:latinLit:stoa0162.stoa005.gen49:15.t3.28,"urn:cite:hcmid:gen49bifolioimgs.gen49-75v-76r@0.1181,0.6083,0.0831,0.0236",urn:cite:hcmid:gen49bifolios.75v-76r
urn:cts:latinLit:stoa0162.stoa005.gen49:15.t3.28_1,"urn:cite:hcmid:gen49bifolioimgs.gen49-75v-76r@0.1121,0.6167,0.7127,0.0625",urn:cite:hcmid:gen49bifolios.75v-76r
urn:cts:latinLit:stoa0162.stoa005.gen49:15.t3.28_1_r1,"urn:cite:hcmid:gen49bifolioimgs.gen49-75v-76r@0.7728,0.6403,0.1481,0.0403",urn:cite:hcmid:gen49bifolios.75v-76r
urn:cts:latinLit:stoa0162.stoa005.gen49:15.t3.28_2,"urn:cite:hcmid:gen49bifolioimgs.gen49-75v-76r@0.1161,0.6792,0.7487,0.0306",urn:cite:hcmid:gen49bifolios.75v-76r
urn:cts:latinLit:stoa0162.stoa005.gen49:15.t3.28_3,"urn:cite:hcmid:gen49bifolioimgs.gen49-75v-76r@0.1121,0.7056,0.7087,0.0292",urn:cite:hcmid:gen49bifolios.75v-76r
urn:cts:latinLit:stoa0162.stoa005.gen49:16.t1.header_1,"urn:cite:hcmid:gen49bifolioimgs.gen49-76v-77r@0.0961,0.0263,0.8649,0.0886",urn:cite:hcmid:gen49bifolios.76v-77r
urn:cts:latinLit:stoa0162.stoa005.gen49:16.t1.28_4,"urn:cite:hcmid:gen49bifolioimgs.gen49-76v-77r@0.1121,0.115,0.8649,0.0277",urn:cite:hcmid:gen49bifolios.76v-77r
urn:cts:latinLit:stoa0162.stoa005.gen49:16.t1.29,"urn:cite:hcmid:gen49bifolioimgs.gen49-76v-77r@0.1121,0.1427,0.0711,0.0277",urn:cite:hcmid:gen49bifolios.76v-77r
urn:cts:latinLit:stoa0162.stoa005.gen49:16.t1.29_1,"urn:cite:hcmid:gen49bifolioimgs.gen49-76v-77r@0.1141,0.1662,0.6957,0.0374",urn:cite:hcmid:gen49bifolios.76v-77r
urn:cts:latinLit:stoa0162.stoa005.gen49:16.t1.29_1_r1,"urn:cite:hcmid:gen49bifolioimgs.gen49-76v-77r@0.2573,0.1828,0.2102,0.0374",urn:cite:hcmid:gen49bifolios.76v-77r
urn:cts:latinLit:stoa0162.stoa005.gen49:16.t1.29_2,"urn:cite:hcmid:gen49bifolioimgs.gen49-76v-77r@0.1161,0.2161,0.6927,0.0471",urn:cite:hcmid:gen49bifolios.76v-77r
urn:cts:latinLit:stoa0162.stoa005.gen49:16.t1.29_3,"urn:cite:hcmid:gen49bifolioimgs.gen49-76v-77r@0.1181,0.2396,0.6947,0.0263",urn:cite:hcmid:gen49bifolios.76v-77r
urn:cts:latinLit:stoa0162.stoa005.gen49:16.t1.29_4,"urn:cite:hcmid:gen49bifolioimgs.gen49-76v-77r@0.1181,0.2632,0.6947,0.0263",urn:cite:hcmid:gen49bifolios.76v-77r
urn:cts:latinLit:stoa0162.stoa005.gen49:16.t1.30,"urn:cite:hcmid:gen49bifolioimgs.gen49-76v-77r@0.1101,0.2895,0.0661,0.0263",urn:cite:hcmid:gen49bifolios.76v-77r
urn:cts:latinLit:stoa0162.stoa005.gen49:16.t1.30_1,"urn:cite:hcmid:gen49bifolioimgs.gen49-76v-77r@0.1161,0.3061,0.8378,0.0346",urn:cite:hcmid:gen49bifolios.76v-77r
urn:cts:latinLit:stoa0162.stoa005.gen49:16.t1.30_1_r1,"urn:cite:hcmid:gen49bifolioimgs.gen49-76v-77r@0.7628,0.3296,0.1361,0.0416",urn:cite:hcmid:gen49bifolios.76v-77r
urn:cts:latinLit:stoa0162.stoa005.gen49:16.t1.30_2,"urn:cite:hcmid:gen49bifolioimgs.gen49-76v-77r@0.1151,0.3629,0.6867,0.0332",urn:cite:hcmid:gen49bifolios.76v-77r
urn:cts:latinLit:stoa0162.stoa005.gen49:16.t1.30_3,"urn:cite:hcmid:gen49bifolioimgs.gen49-76v-77r@0.1161,0.3864,0.6867,0.0263",urn:cite:hcmid:gen49bifolios.76v-77r
urn:cts:latinLit:stoa0162.stoa005.gen49:16.t1.30_3_r1,"urn:cite:hcmid:gen49bifolioimgs.gen49-76v-77r@0.1772,0.4072,0.2072,0.0305",urn:cite:hcmid:gen49bifolios.76v-77r
urn:cts:latinLit:stoa0162.stoa005.gen49:16.t1.30_4,"urn:cite:hcmid:gen49bifolioimgs.gen49-76v-77r@0.1151,0.4307,0.6927,0.0706",urn:cite:hcmid:gen49bifolios.76v-77r
urn:cts:latinLit:stoa0162.stoa005.gen49:16.t1.31,"urn:cite:hcmid:gen49bifolioimgs.gen49-76v-77r@0.1151,0.464,0.0661,0.0291",urn:cite:hcmid:gen49bifolios.76v-77r
urn:cts:latinLit:stoa0162.stoa005.gen49:16.t1.31_1,"urn:cite:hcmid:gen49bifolioimgs.gen49-76v-77r@0.1141,0.4848,0.6937,0.0277",urn:cite:hcmid:gen49bifolios.76v-77r
urn:cts:latinLit:stoa0162.stoa005.gen49:16.t1.31_2,"urn:cite:hcmid:gen49bifolioimgs.gen49-76v-77r@0.1131,0.5083,0.6937,0.0596",urn:cite:hcmid:gen49bifolios.76v-77r
urn:cts:latinLit:stoa0162.stoa005.gen49:16.t1.31_2_r1,"urn:cite:hcmid:gen49bifolioimgs.gen49-76v-77r@0.0981,0.5291,0.1491,0.0443",urn:cite:hcmid:gen49bifolios.76v-77r
urn:cts:latinLit:stoa0162.stoa005.gen49:16.t1.31_3,"urn:cite:hcmid:gen49bifolioimgs.gen49-76v-77r@0.1141,0.5568,0.6927,0.0291",urn:cite:hcmid:gen49bifolios.76v-77r
urn:cts:latinLit:stoa0162.stoa005.gen49:16.t1.31_4,"urn:cite:hcmid:gen49bifolioimgs.gen49-76v-77r@0.1171,0.5817,0.6957,0.0374",urn:cite:hcmid:gen49bifolios.76v-77r
urn:cts:latinLit:stoa0162.stoa005.gen49:16.t1.32,"urn:cite:hcmid:gen49bifolioimgs.gen49-76v-77r@0.1141,0.6094,0.0661,0.0305",urn:cite:hcmid:gen49bifolios.76v-77r
urn:cts:latinLit:stoa0162.stoa005.gen49:16.t1.32_1,"urn:cite:hcmid:gen49bifolioimgs.gen49-76v-77r@0.1151,0.6288,0.6997,0.0332",urn:cite:hcmid:gen49bifolios.76v-77r
urn:cts:latinLit:stoa0162.stoa005.gen49:16.t1.32_2,"urn:cite:hcmid:gen49bifolioimgs.gen49-76v-77r@0.1131,0.6551,0.6997,0.0235",urn:cite:hcmid:gen49bifolios.76v-77r
urn:cts:latinLit:stoa0162.stoa005.gen49:16.t1.32_3,"urn:cite:hcmid:gen49bifolioimgs.gen49-76v-77r@0.1151,0.6704,0.8118,0.0346",urn:cite:hcmid:gen49bifolios.76v-77r
urn:cts:latinLit:stoa0162.stoa005.gen49:16.t1.32_4,"urn:cite:hcmid:gen49bifolioimgs.gen49-76v-77r@0.1151,0.7022,0.6937,0.0305",urn:cite:hcmid:gen49bifolios.76v-77r
urn:cts:latinLit:stoa0162.stoa005.gen49:16.t1.header_2,"urn:cite:hcmid:gen49bifolioimgs.gen49-77v-78r@0.0881,0.0098,0.8749,0.0954",urn:cite:hcmid:gen49bifolios.77v-78r
urn:cts:latinLit:stoa0162.stoa005.gen49:16.t1.33,"urn:cite:hcmid:gen49bifolioimgs.gen49-77v-78r@0.1181,0.1052,0.0821,0.0266",urn:cite:hcmid:gen49bifolios.77v-78r
urn:cts:latinLit:stoa0162.stoa005.gen49:16.t1.33_1,"urn:cite:hcmid:gen49bifolioimgs.gen49-77v-78r@0.1181,0.1304,0.6947,0.0266",urn:cite:hcmid:gen49bifolios.77v-78r
urn:cts:latinLit:stoa0162.stoa005.gen49:16.t1.33_2,"urn:cite:hcmid:gen49bifolioimgs.gen49-77v-78r@0.1181,0.1557,0.6977,0.0266",urn:cite:hcmid:gen49bifolios.77v-78r
urn:cts:latinLit:stoa0162.stoa005.gen49:16.t1.33_2_r1,"urn:cite:hcmid:gen49bifolioimgs.gen49-77v-78r@0.5185,0.1767,0.1752,0.0266",urn:cite:hcmid:gen49bifolios.77v-78r
urn:cts:latinLit:stoa0162.stoa005.gen49:16.t1.33_3,"urn:cite:hcmid:gen49bifolioimgs.gen49-77v-78r@0.1141,0.2104,0.7047,0.0266",urn:cite:hcmid:gen49bifolios.77v-78r
urn:cts:latinLit:stoa0162.stoa005.gen49:16.t1.33_3_r1,"urn:cite:hcmid:gen49bifolioimgs.gen49-77v-78r@0.1782,0.2272,0.1662,0.0421",urn:cite:hcmid:gen49bifolios.77v-78r
urn:cts:latinLit:stoa0162.stoa005.gen49:16.t1.33_4,"urn:cite:hcmid:gen49bifolioimgs.gen49-77v-78r@0.1171,0.2567,0.6997,0.0295",urn:cite:hcmid:gen49bifolios.77v-78r
urn:cts:latinLit:stoa0162.stoa005.gen49:16.t1.34,"urn:cite:hcmid:gen49bifolioimgs.gen49-77v-78r@0.1161,0.2819,0.0701,0.0295",urn:cite:hcmid:gen49bifolios.77v-78r
urn:cts:latinLit:stoa0162.stoa005.gen49:16.t1.34_1,"urn:cite:hcmid:gen49bifolioimgs.gen49-77v-78r@0.1161,0.3058,0.6997,0.0365",urn:cite:hcmid:gen49bifolios.77v-78r
urn:cts:latinLit:stoa0162.stoa005.gen49:16.t1.34_2,"urn:cite:hcmid:gen49bifolioimgs.gen49-77v-78r@0.1171,0.3282,0.6997,0.0365",urn:cite:hcmid:gen49bifolios.77v-78r
urn:cts:latinLit:stoa0162.stoa005.gen49:16.t1.34_3,"urn:cite:hcmid:gen49bifolioimgs.gen49-77v-78r@0.1191,0.3534,0.6997,0.0281",urn:cite:hcmid:gen49bifolios.77v-78r
urn:cts:latinLit:stoa0162.stoa005.gen49:16.t1.34_3_r1,"urn:cite:hcmid:gen49bifolioimgs.gen49-77v-78r@0.6046,0.3717,0.1712,0.0449",urn:cite:hcmid:gen49bifolios.77v-78r
urn:cts:latinLit:stoa0162.stoa005.gen49:16.t1.34_4,"urn:cite:hcmid:gen49bifolioimgs.gen49-77v-78r@0.1161,0.3969,0.6967,0.0575",urn:cite:hcmid:gen49bifolios.77v-78r
urn:cts:latinLit:stoa0162.stoa005.gen49:16.t1.35,"urn:cite:hcmid:gen49bifolioimgs.gen49-77v-78r@0.1081,0.4362,0.0811,0.0238",urn:cite:hcmid:gen49bifolios.77v-78r
urn:cts:latinLit:stoa0162.stoa005.gen49:16.t1.35_1,"urn:cite:hcmid:gen49bifolioimgs.gen49-77v-78r@0.1101,0.4488,0.8418,0.0351",urn:cite:hcmid:gen49bifolios.77v-78r
urn:cts:latinLit:stoa0162.stoa005.gen49:16.t1.35_2,"urn:cite:hcmid:gen49bifolioimgs.gen49-77v-78r@0.1131,0.4783,0.7007,0.0295",urn:cite:hcmid:gen49bifolios.77v-78r
urn:cts:latinLit:stoa0162.stoa005.gen49:16.t1.35_3,"urn:cite:hcmid:gen49bifolioimgs.gen49-77v-78r@0.1131,0.5049,0.7067,0.0365",urn:cite:hcmid:gen49bifolios.77v-78r
urn:cts:latinLit:stoa0162.stoa005.gen49:16.t1.35_4,"urn:cite:hcmid:gen49bifolioimgs.gen49-77v-78r@0.1181,0.5316,0.7017,0.0295",urn:cite:hcmid:gen49bifolios.77v-78r
urn:cts:latinLit:stoa0162.stoa005.gen49:16.t1.36,"urn:cite:hcmid:gen49bifolioimgs.gen49-77v-78r@0.1161,0.5624,0.0661,0.0252",urn:cite:hcmid:gen49bifolios.77v-78r
urn:cts:latinLit:stoa0162.stoa005.gen49:16.t1.36_1,"urn:cite:hcmid:gen49bifolioimgs.gen49-77v-78r@0.1151,0.5792,0.7277,0.0281",urn:cite:hcmid:gen49bifolios.77v-78r
urn:cts:latinLit:stoa0162.stoa005.gen49:16.t1.36_2,"urn:cite:hcmid:gen49bifolioimgs.gen49-77v-78r@0.1141,0.6045,0.7137,0.0309",urn:cite:hcmid:gen49bifolios.77v-78r
urn:cts:latinLit:stoa0162.stoa005.gen49:16.t1.36_3,"urn:cite:hcmid:gen49bifolioimgs.gen49-77v-78r@0.1151,0.6283,0.7127,0.0449",urn:cite:hcmid:gen49bifolios.77v-78r
urn:cts:latinLit:stoa0162.stoa005.gen49:16.t1.36_4,"urn:cite:hcmid:gen49bifolioimgs.gen49-77v-78r@0.1161,0.6522,0.7147,0.0421",urn:cite:hcmid:gen49bifolios.77v-78r
urn:cts:latinLit:stoa0162.stoa005.gen49:16.t1.37,"urn:cite:hcmid:gen49bifolioimgs.gen49-77v-78r@0.1111,0.683,0.0781,0.0281",urn:cite:hcmid:gen49bifolios.77v-78r
urn:cts:latinLit:stoa0162.stoa005.gen49:16.t1.37_1,"urn:cite:hcmid:gen49bifolioimgs.gen49-77v-78r@0.1131,0.6999,0.7187,0.0421",urn:cite:hcmid:gen49bifolios.77v-78r
urn:cts:latinLit:stoa0162.stoa005.gen49:16.t1.header_3,"urn:cite:hcmid:gen49bifolioimgs.gen49-78v-79r@0.0871,0.0221,0.8579,0.0953",urn:cite:hcmid:gen49bifolios.78v-79r
urn:cts:latinLit:stoa0162.stoa005.gen49:16.t1.37_2,"urn:cite:hcmid:gen49bifolioimgs.gen49-78v-79r@0.1211,0.1133,0.8579,0.0262",urn:cite:hcmid:gen49bifolios.78v-79r
urn:cts:latinLit:stoa0162.stoa005.gen49:16.t1.37_2_r1,"urn:cite:hcmid:gen49bifolioimgs.gen49-78v-79r@0.1001,0.1381,0.1852,0.029",urn:cite:hcmid:gen49bifolios.78v-79r
urn:cts:latinLit:stoa0162.stoa005.gen49:16.t1.37_3,"urn:cite:hcmid:gen49bifolioimgs.gen49-78v-79r@0.1201,0.1519,0.8188,0.0414",urn:cite:hcmid:gen49bifolios.78v-79r
urn:cts:latinLit:stoa0162.stoa005.gen49:16.t1.37_4,"urn:cite:hcmid:gen49bifolioimgs.gen49-78v-79r@0.1211,0.1892,0.6977,0.029",urn:cite:hcmid:gen49bifolios.78v-79r
urn:cts:latinLit:stoa0162.stoa005.gen49:16.t1.38,"urn:cite:hcmid:gen49bifolioimgs.gen49-78v-79r@0.1191,0.2155,0.0711,0.029",urn:cite:hcmid:gen49bifolios.78v-79r
urn:cts:latinLit:stoa0162.stoa005.gen49:16.t1.38_1,"urn:cite:hcmid:gen49bifolioimgs.gen49-78v-79r@0.1191,0.239,0.7047,0.0331",urn:cite:hcmid:gen49bifolios.78v-79r
urn:cts:latinLit:stoa0162.stoa005.gen49:16.t1.38_2,"urn:cite:hcmid:gen49bifolioimgs.gen49-78v-79r@0.1201,0.2597,0.7047,0.0304",urn:cite:hcmid:gen49bifolios.78v-79r
urn:cts:latinLit:stoa0162.stoa005.gen49:16.t1.38_2_r1,"urn:cite:hcmid:gen49bifolioimgs.gen49-78v-79r@0.3413,0.2818,0.1251,0.0442",urn:cite:hcmid:gen49bifolios.78v-79r
urn:cts:latinLit:stoa0162.stoa005.gen49:16.t1.38_3,"urn:cite:hcmid:gen49bifolioimgs.gen49-78v-79r@0.1191,0.2901,0.7097,0.1036",urn:cite:hcmid:gen49bifolios.78v-79r
urn:cts:latinLit:stoa0162.stoa005.gen49:16.t1.38_4,"urn:cite:hcmid:gen49bifolioimgs.gen49-78v-79r@0.1191,0.3246,0.7097,0.0483",urn:cite:hcmid:gen49bifolios.78v-79r
urn:cts:latinLit:stoa0162.stoa005.gen49:16.t1.39,"urn:cite:hcmid:gen49bifolioimgs.gen49-78v-79r@0.1201,0.3605,0.0701,0.0331",urn:cite:hcmid:gen49bifolios.78v-79r
urn:cts:latinLit:stoa0162.stoa005.gen49:16.t1.39_1,"urn:cite:hcmid:gen49bifolioimgs.gen49-78v-79r@0.1211,0.384,0.7067,0.0262",urn:cite:hcmid:gen49bifolios.78v-79r
urn:cts:latinLit:stoa0162.stoa005.gen49:16.t1.39_2,"urn:cite:hcmid:gen49bifolioimgs.gen49-78v-79r@0.1181,0.4088,0.7137,0.0262",urn:cite:hcmid:gen49bifolios.78v-79r
urn:cts:latinLit:stoa0162.stoa005.gen49:16.t1.39_3,"urn:cite:hcmid:gen49bifolioimgs.gen49-78v-79r@0.1191,0.4323,0.7137,0.029",urn:cite:hcmid:gen49bifolios.78v-79r
urn:cts:latinLit:stoa0162.stoa005.gen49:16.t1.39_4,"urn:cite:hcmid:gen49bifolioimgs.gen49-78v-79r@0.1181,0.4558,0.7037,0.0387",urn:cite:hcmid:gen49bifolios.78v-79r
urn:cts:latinLit:stoa0162.stoa005.gen49:16.t1.40,"urn:cite:hcmid:gen49bifolioimgs.gen49-78v-79r@0.1181,0.4848,0.0621,0.0276",urn:cite:hcmid:gen49bifolios.78v-79r
urn:cts:latinLit:stoa0162.stoa005.gen49:16.t1.40_1,"urn:cite:hcmid:gen49bifolioimgs.gen49-78v-79r@0.1201,0.4959,0.8358,0.0387",urn:cite:hcmid:gen49bifolios.78v-79r
urn:cts:latinLit:stoa0162.stoa005.gen49:16.t1.40_2,"urn:cite:hcmid:gen49bifolioimgs.gen49-78v-79r@0.1181,0.5276,0.6937,0.0594",urn:cite:hcmid:gen49bifolios.78v-79r
urn:cts:latinLit:stoa0162.stoa005.gen49:16.t1.40_2_r1,"urn:cite:hcmid:gen49bifolioimgs.gen49-78v-79r@0.5966,0.5483,0.1752,0.0401",urn:cite:hcmid:gen49bifolios.78v-79r
urn:cts:latinLit:stoa0162.stoa005.gen49:16.t1.40_3,"urn:cite:hcmid:gen49bifolioimgs.gen49-78v-79r@0.1181,0.576,0.6997,0.0387",urn:cite:hcmid:gen49bifolios.78v-79r
urn:cts:latinLit:stoa0162.stoa005.gen49:16.t1.40_4,"urn:cite:hcmid:gen49bifolioimgs.gen49-78v-79r@0.1191,0.5994,0.6997,0.0331",urn:cite:hcmid:gen49bifolios.78v-79r
urn:cts:latinLit:stoa0162.stoa005.gen49:16.t1.41,"urn:cite:hcmid:gen49bifolioimgs.gen49-78v-79r@0.1191,0.6298,0.0601,0.0276",urn:cite:hcmid:gen49bifolios.78v-79r
urn:cts:latinLit:stoa0162.stoa005.gen49:16.t1.41_1,"urn:cite:hcmid:gen49bifolioimgs.gen49-78v-79r@0.1201,0.6478,0.7047,0.0525",urn:cite:hcmid:gen49bifolios.78v-79r
urn:cts:latinLit:stoa0162.stoa005.gen49:16.t1.41_1_r1,"urn:cite:hcmid:gen49bifolioimgs.gen49-78v-79r@0.7608,0.6588,0.1171,0.0594",urn:cite:hcmid:gen49bifolios.78v-79r
urn:cts:latinLit:stoa0162.stoa005.gen49:16.t1.41_2,"urn:cite:hcmid:gen49bifolioimgs.gen49-78v-79r@0.1171,0.6989,0.6807,0.0318",urn:cite:hcmid:gen49bifolios.78v-79r
urn:cts:latinLit:stoa0162.stoa005.gen49:16.t1.header_4,"urn:cite:hcmid:gen49bifolioimgs.gen49-79v-80r@0.1061,0.0055,0.8629,0.1148",urn:cite:hcmid:gen49bifolios.79v-80r
urn:cts:latinLit:stoa0162.stoa005.gen49:16.t1.41_3,"urn:cite:hcmid:gen49bifolioimgs.gen49-79v-80r@0.1221,0.1024,0.7107,0.1604",urn:cite:hcmid:gen49bifolios.79v-80r
urn:cts:latinLit:stoa0162.stoa005.gen49:16.t1.41_3_r1,"urn:cite:hcmid:gen49bifolioimgs.gen49-79v-80r@0.1842,0.1272,0.1421,0.0858",urn:cite:hcmid:gen49bifolios.79v-80r
urn:cts:latinLit:stoa0162.stoa005.gen49:16.t1.41_4,"urn:cite:hcmid:gen49bifolioimgs.gen49-79v-80r@0.1221,0.1591,0.6877,0.029",urn:cite:hcmid:gen49bifolios.79v-80r
urn:cts:latinLit:stoa0162.stoa005.gen49:16.t1.42,"urn:cite:hcmid:gen49bifolioimgs.gen49-79v-80r@0.1181,0.1826,0.0641,0.029",urn:cite:hcmid:gen49bifolios.79v-80r
urn:cts:latinLit:stoa0162.stoa005.gen49:16.t1.42_1,"urn:cite:hcmid:gen49bifolioimgs.gen49-79v-80r@0.1181,0.2089,0.6987,0.0304",urn:cite:hcmid:gen49bifolios.79v-80r
urn:cts:latinLit:stoa0162.stoa005.gen49:16.t1.42_1_r1,"urn:cite:hcmid:gen49bifolioimgs.gen49-79v-80r@0.3614,0.2241,0.1221,0.0498",urn:cite:hcmid:gen49bifolios.79v-80r
urn:cts:latinLit:stoa0162.stoa005.gen49:16.t1.42_2,"urn:cite:hcmid:gen49bifolioimgs.gen49-79v-80r@0.1211,0.2476,0.8478,0.0387",urn:cite:hcmid:gen49bifolios.79v-80r
urn:cts:latinLit:stoa0162.stoa005.gen49:16.t1.42_3,"urn:cite:hcmid:gen49bifolioimgs.gen49-79v-80r@0.1231,0.2766,0.8478,0.0941",urn:cite:hcmid:gen49bifolios.79v-80r
urn:cts:latinLit:stoa0162.stoa005.gen49:16.t1.42_3_1,"urn:cite:hcmid:gen49bifolioimgs.gen49-79v-80r@0.7568,0.2946,0.1552,0.0622",urn:cite:hcmid:gen49bifolios.79v-80r
urn:cts:latinLit:stoa0162.stoa005.gen49:16.t1.42_4,"urn:cite:hcmid:gen49bifolioimgs.gen49-79v-80r@0.1201,0.3278,0.6977,0.0346",urn:cite:hcmid:gen49bifolios.79v-80r
urn:cts:latinLit:stoa0162.stoa005.gen49:16.t1.43,"urn:cite:hcmid:gen49bifolioimgs.gen49-79v-80r@0.1231,0.3485,0.5766,0.0346",urn:cite:hcmid:gen49bifolios.79v-80r
urn:cts:latinLit:stoa0162.stoa005.gen49:16.t1.43_1,"urn:cite:hcmid:gen49bifolioimgs.gen49-79v-80r@0.1251,0.3721,0.6807,0.0622",urn:cite:hcmid:gen49bifolios.79v-80r
urn:cts:latinLit:stoa0162.stoa005.gen49:16.t1.43_2,"urn:cite:hcmid:gen49bifolioimgs.gen49-79v-80r@0.1251,0.4039,0.6807,0.0304",urn:cite:hcmid:gen49bifolios.79v-80r
urn:cts:latinLit:stoa0162.stoa005.gen49:16.t1.43_3,"urn:cite:hcmid:gen49bifolioimgs.gen49-79v-80r@0.1291,0.426,0.6807,0.0332",urn:cite:hcmid:gen49bifolios.79v-80r
urn:cts:latinLit:stoa0162.stoa005.gen49:16.t1.43_4,"urn:cite:hcmid:gen49bifolioimgs.gen49-79v-80r@0.1281,0.4509,0.6747,0.029",urn:cite:hcmid:gen49bifolios.79v-80r
urn:cts:latinLit:stoa0162.stoa005.gen49:16.t1.44,"urn:cite:hcmid:gen49bifolioimgs.gen49-79v-80r@0.1221,0.4827,0.0651,0.0249",urn:cite:hcmid:gen49bifolios.79v-80r
urn:cts:latinLit:stoa0162.stoa005.gen49:16.t1.44_1,"urn:cite:hcmid:gen49bifolioimgs.gen49-79v-80r@0.1271,0.5021,0.6817,0.0387",urn:cite:hcmid:gen49bifolios.79v-80r
urn:cts:latinLit:stoa0162.stoa005.gen49:16.t1.44_2,"urn:cite:hcmid:gen49bifolioimgs.gen49-79v-80r@0.1261,0.5256,0.6877,0.0346",urn:cite:hcmid:gen49bifolios.79v-80r
urn:cts:latinLit:stoa0162.stoa005.gen49:16.t1.44_3,"urn:cite:hcmid:gen49bifolioimgs.gen49-79v-80r@0.1261,0.5463,0.6877,0.0346",urn:cite:hcmid:gen49bifolios.79v-80r
urn:cts:latinLit:stoa0162.stoa005.gen49:16.t1.44_3_r1,"urn:cite:hcmid:gen49bifolioimgs.gen49-79v-80r@0.1862,0.5602,0.1882,0.047",urn:cite:hcmid:gen49bifolios.79v-80r
urn:cts:latinLit:stoa0162.stoa005.gen49:16.t1.44_4,"urn:cite:hcmid:gen49bifolioimgs.gen49-79v-80r@0.1271,0.5892,0.8138,0.0775",urn:cite:hcmid:gen49bifolios.79v-80r
urn:cts:latinLit:stoa0162.stoa005.gen49:16.t1.45,"urn:cite:hcmid:gen49bifolioimgs.gen49-79v-80r@0.1221,0.6183,0.6737,0.036",urn:cite:hcmid:gen49bifolios.79v-80r
urn:cts:latinLit:stoa0162.stoa005.gen49:16.t1.45_1,"urn:cite:hcmid:gen49bifolioimgs.gen49-79v-80r@0.1261,0.6487,0.6857,0.029",urn:cite:hcmid:gen49bifolios.79v-80r
urn:cts:latinLit:stoa0162.stoa005.gen49:16.t1.45_2,"urn:cite:hcmid:gen49bifolioimgs.gen49-79v-80r@0.1251,0.6708,0.6857,0.029",urn:cite:hcmid:gen49bifolios.79v-80r
urn:cts:latinLit:stoa0162.stoa005.gen49:16.t1.45_2_r1,"urn:cite:hcmid:gen49bifolioimgs.gen49-79v-80r@0.1171,0.6999,0.2172,0.0263",urn:cite:hcmid:gen49bifolios.79v-80r
urn:cts:latinLit:stoa0162.stoa005.gen49:16.t1.header_5,"urn:cite:hcmid:gen49bifolioimgs.gen49-80v-81r@0.0681,0.0041,0.9038,0.1079",urn:cite:hcmid:gen49bifolios.80v-81r
urn:cts:latinLit:stoa0162.stoa005.gen49:16.t1.45_3,"urn:cite:hcmid:gen49bifolioimgs.gen49-80v-81r@0.1022,0.1079,0.7415,0.0956",urn:cite:hcmid:gen49bifolios.80v-81r
urn:cts:latinLit:stoa0162.stoa005.gen49:16.t1.45_3_r1,"urn:cite:hcmid:gen49bifolioimgs.gen49-80v-81r@0.7715,0.1202,0.1303,0.0369",urn:cite:hcmid:gen49bifolios.80v-81r
urn:cts:latinLit:stoa0162.stoa005.gen49:16.t1.45_4,"urn:cite:hcmid:gen49bifolioimgs.gen49-80v-81r@0.1082,0.1544,0.7034,0.1025",urn:cite:hcmid:gen49bifolios.80v-81r
urn:cts:latinLit:stoa0162.stoa005.gen49:16.t1.46,"urn:cite:hcmid:gen49bifolioimgs.gen49-80v-81r@0.1062,0.1844,0.0731,0.0246",urn:cite:hcmid:gen49bifolios.80v-81r
urn:cts:latinLit:stoa0162.stoa005.gen49:16.t1.46_1,"urn:cite:hcmid:gen49bifolioimgs.gen49-80v-81r@0.1092,0.209,0.7014,0.026",urn:cite:hcmid:gen49bifolios.80v-81r
urn:cts:latinLit:stoa0162.stoa005.gen49:16.t1.46_2,"urn:cite:hcmid:gen49bifolioimgs.gen49-80v-81r@0.1122,0.2336,0.7094,0.0232",urn:cite:hcmid:gen49bifolios.80v-81r
urn:cts:latinLit:stoa0162.stoa005.gen49:16.t1.46_3,"urn:cite:hcmid:gen49bifolioimgs.gen49-80v-81r@0.1122,0.2596,0.7124,0.0219",urn:cite:hcmid:gen49bifolios.80v-81r
urn:cts:latinLit:stoa0162.stoa005.gen49:16.t1.46_4,"urn:cite:hcmid:gen49bifolioimgs.gen49-80v-81r@0.1152,0.2814,0.7214,0.026",urn:cite:hcmid:gen49bifolios.80v-81r
urn:cts:latinLit:stoa0162.stoa005.gen49:16.t1.47,"urn:cite:hcmid:gen49bifolioimgs.gen49-80v-81r@0.1122,0.3074,0.0721,0.0232",urn:cite:hcmid:gen49bifolios.80v-81r
urn:cts:latinLit:stoa0162.stoa005.gen49:16.t1.47_1,"urn:cite:hcmid:gen49bifolioimgs.gen49-80v-81r@0.1142,0.3279,0.8407,0.026",urn:cite:hcmid:gen49bifolios.80v-81r
urn:cts:latinLit:stoa0162.stoa005.gen49:16.t1.47_2,"urn:cite:hcmid:gen49bifolioimgs.gen49-80v-81r@0.1162,0.3415,0.8407,0.0833",urn:cite:hcmid:gen49bifolios.80v-81r
urn:cts:latinLit:stoa0162.stoa005.gen49:16.t1.47_2_r1,"urn:cite:hcmid:gen49bifolioimgs.gen49-80v-81r@0.1473,0.3497,0.3277,0.2063",urn:cite:hcmid:gen49bifolios.80v-81r
urn:cts:latinLit:stoa0162.stoa005.gen49:16.t1.47_2_r2,"urn:cite:hcmid:gen49bifolioimgs.gen49-80v-81r@0.1713,0.5451,0.2916,0.0478",urn:cite:hcmid:gen49bifolios.80v-81r
urn:cts:latinLit:stoa0162.stoa005.gen49:16.t1.47_3,"urn:cite:hcmid:gen49bifolioimgs.gen49-80v-81r@0.1102,0.5861,0.7064,0.0355",urn:cite:hcmid:gen49bifolios.80v-81r
urn:cts:latinLit:stoa0162.stoa005.gen49:16.t1.47_4,"urn:cite:hcmid:gen49bifolioimgs.gen49-80v-81r@0.1092,0.6093,0.7044,0.0328",urn:cite:hcmid:gen49bifolios.80v-81r
urn:cts:latinLit:stoa0162.stoa005.gen49:16.t1.48,"urn:cite:hcmid:gen49bifolioimgs.gen49-80v-81r@0.1092,0.638,0.0741,0.0273",urn:cite:hcmid:gen49bifolios.80v-81r
urn:cts:latinLit:stoa0162.stoa005.gen49:16.t1.48_1,"urn:cite:hcmid:gen49bifolioimgs.gen49-80v-81r@0.1102,0.6544,0.7204,0.0328",urn:cite:hcmid:gen49bifolios.80v-81r
urn:cts:latinLit:stoa0162.stoa005.gen49:16.t1.48_2,"urn:cite:hcmid:gen49bifolioimgs.gen49-80v-81r@0.1102,0.6817,0.7204,0.0328",urn:cite:hcmid:gen49bifolios.80v-81r
urn:cts:latinLit:stoa0162.stoa005.gen49:16.t1.48_3,"urn:cite:hcmid:gen49bifolioimgs.gen49-80v-81r@0.0992,0.7063,0.7204,0.0328",urn:cite:hcmid:gen49bifolios.80v-81r
urn:cts:latinLit:stoa0162.stoa005.gen49:17.t1.header_1,"urn:cite:hcmid:gen49bifolioimgs.gen49-81v-82r@0.0791,0.0126,0.8829,0.098",urn:cite:hcmid:gen49bifolios.81v-82r
urn:cts:latinLit:stoa0162.stoa005.gen49:17.t1.48_4,"urn:cite:hcmid:gen49bifolioimgs.gen49-81v-82r@0.1121,0.1064,0.7107,0.0322",urn:cite:hcmid:gen49bifolios.81v-82r
urn:cts:latinLit:stoa0162.stoa005.gen49:17.t1.49,"urn:cite:hcmid:gen49bifolioimgs.gen49-81v-82r@0.1071,0.1373,0.0741,0.028",urn:cite:hcmid:gen49bifolios.81v-82r
urn:cts:latinLit:stoa0162.stoa005.gen49:17.t1.49_1,"urn:cite:hcmid:gen49bifolioimgs.gen49-81v-82r@0.1141,0.1597,0.7147,0.0392",urn:cite:hcmid:gen49bifolios.81v-82r
urn:cts:latinLit:stoa0162.stoa005.gen49:17.t1.49_2,"urn:cite:hcmid:gen49bifolioimgs.gen49-81v-82r@0.1161,0.1793,0.7057,0.0574",urn:cite:hcmid:gen49bifolios.81v-82r
urn:cts:latinLit:stoa0162.stoa005.gen49:17.t1.49_2_r1,"urn:cite:hcmid:gen49bifolioimgs.gen49-81v-82r@0.5385,0.2087,0.1582,0.0294",urn:cite:hcmid:gen49bifolios.81v-82r
urn:cts:latinLit:stoa0162.stoa005.gen49:17.t1.49_3,"urn:cite:hcmid:gen49bifolioimgs.gen49-81v-82r@0.1151,0.2339,0.7117,0.035",urn:cite:hcmid:gen49bifolios.81v-82r
urn:cts:latinLit:stoa0162.stoa005.gen49:17.t1.49_3_r1,"urn:cite:hcmid:gen49bifolioimgs.gen49-81v-82r@0.5996,0.2521,0.2032,0.0308",urn:cite:hcmid:gen49bifolios.81v-82r
urn:cts:latinLit:stoa0162.stoa005.gen49:17.t1.49_4,"urn:cite:hcmid:gen49bifolioimgs.gen49-81v-82r@0.1071,0.2759,0.8468,0.1162",urn:cite:hcmid:gen49bifolios.81v-82r
urn:cts:latinLit:stoa0162.stoa005.gen49:17.t1.50,"urn:cite:hcmid:gen49bifolioimgs.gen49-81v-82r@0.1051,0.3039,0.0551,0.028",urn:cite:hcmid:gen49bifolios.81v-82r
urn:cts:latinLit:stoa0162.stoa005.gen49:17.t1.50_1,"urn:cite:hcmid:gen49bifolioimgs.gen49-81v-82r@0.1111,0.3305,0.7187,0.0392",urn:cite:hcmid:gen49bifolios.81v-82r
urn:cts:latinLit:stoa0162.stoa005.gen49:17.t1.50_2,"urn:cite:hcmid:gen49bifolioimgs.gen49-81v-82r@0.1091,0.3585,0.7287,0.0224",urn:cite:hcmid:gen49bifolios.81v-82r
urn:cts:latinLit:stoa0162.stoa005.gen49:17.t1.50_3,"urn:cite:hcmid:gen49bifolioimgs.gen49-81v-82r@0.1111,0.3796,0.7147,0.0266",urn:cite:hcmid:gen49bifolios.81v-82r
urn:cts:latinLit:stoa0162.stoa005.gen49:17.t1.50_4,"urn:cite:hcmid:gen49bifolioimgs.gen49-81v-82r@0.1111,0.4048,0.7397,0.0252",urn:cite:hcmid:gen49bifolios.81v-82r
urn:cts:latinLit:stoa0162.stoa005.gen49:17.t1.51,"urn:cite:hcmid:gen49bifolioimgs.gen49-81v-82r@0.1081,0.4328,0.0621,0.0224",urn:cite:hcmid:gen49bifolios.81v-82r
urn:cts:latinLit:stoa0162.stoa005.gen49:17.t1.51_1,"urn:cite:hcmid:gen49bifolioimgs.gen49-81v-82r@0.1081,0.43,0.7247,0.049",urn:cite:hcmid:gen49bifolios.81v-82r
urn:cts:latinLit:stoa0162.stoa005.gen49:17.t1.51_2,"urn:cite:hcmid:gen49bifolioimgs.gen49-81v-82r@0.1131,0.4706,0.7177,0.0476",urn:cite:hcmid:gen49bifolios.81v-82r
urn:cts:latinLit:stoa0162.stoa005.gen49:17.t1.51_3,"urn:cite:hcmid:gen49bifolioimgs.gen49-81v-82r@0.1111,0.5042,0.7387,0.0294",urn:cite:hcmid:gen49bifolios.81v-82r
urn:cts:latinLit:stoa0162.stoa005.gen49:17.t1.51_4,"urn:cite:hcmid:gen49bifolioimgs.gen49-81v-82r@0.1101,0.5294,0.7227,0.0322",urn:cite:hcmid:gen49bifolios.81v-82r
urn:cts:latinLit:stoa0162.stoa005.gen49:17.t1.52,"urn:cite:hcmid:gen49bifolioimgs.gen49-81v-82r@0.1061,0.5532,0.0651,0.0294",urn:cite:hcmid:gen49bifolios.81v-82r
urn:cts:latinLit:stoa0162.stoa005.gen49:17.t1.52_1,"urn:cite:hcmid:gen49bifolioimgs.gen49-81v-82r@0.1061,0.5798,0.7337,0.028",urn:cite:hcmid:gen49bifolios.81v-82r
urn:cts:latinLit:stoa0162.stoa005.gen49:17.t1.52_2,"urn:cite:hcmid:gen49bifolioimgs.gen49-81v-82r@0.1131,0.5938,0.8739,0.0364",urn:cite:hcmid:gen49bifolios.81v-82r
urn:cts:latinLit:stoa0162.stoa005.gen49:17.t1.52_3,"urn:cite:hcmid:gen49bifolioimgs.gen49-81v-82r@0.1121,0.6246,0.7227,0.028",urn:cite:hcmid:gen49bifolios.81v-82r
urn:cts:latinLit:stoa0162.stoa005.gen49:17.t1.52_4,"urn:cite:hcmid:gen49bifolioimgs.gen49-81v-82r@0.1041,0.6485,0.7407,0.035",urn:cite:hcmid:gen49bifolios.81v-82r
urn:cts:latinLit:stoa0162.stoa005.gen49:17.t1.53,"urn:cite:hcmid:gen49bifolioimgs.gen49-81v-82r@0.1031,0.6751,0.0741,0.0294",urn:cite:hcmid:gen49bifolios.81v-82r
urn:cts:latinLit:stoa0162.stoa005.gen49:17.t1.53_1,"urn:cite:hcmid:gen49bifolioimgs.gen49-81v-82r@0.1131,0.6933,0.7207,0.0406",urn:cite:hcmid:gen49bifolios.81v-82r
urn:cts:latinLit:stoa0162.stoa005.gen49:17.t1.header_2,"urn:cite:hcmid:gen49bifolioimgs.gen49-82v-83r@0.0872,0.0222,0.8808,0.0986",urn:cite:hcmid:gen49bifolios.82v-83r
urn:cts:latinLit:stoa0162.stoa005.gen49:17.t1.53_1_r1,"urn:cite:hcmid:gen49bifolioimgs.gen49-82v-83r@0.7565,0.1069,0.1363,0.0528",urn:cite:hcmid:gen49bifolios.82v-83r
urn:cts:latinLit:stoa0162.stoa005.gen49:17.t1.53_2,"urn:cite:hcmid:gen49bifolioimgs.gen49-82v-83r@0.1112,0.1403,0.6944,0.0403",urn:cite:hcmid:gen49bifolios.82v-83r
urn:cts:latinLit:stoa0162.stoa005.gen49:17.t1.53_3,"urn:cite:hcmid:gen49bifolioimgs.gen49-82v-83r@0.1172,0.1736,0.6924,0.0222",urn:cite:hcmid:gen49bifolios.82v-83r
urn:cts:latinLit:stoa0162.stoa005.gen49:17.t1.53_4,"urn:cite:hcmid:gen49bifolioimgs.gen49-82v-83r@0.1222,0.1972,0.6894,0.0292",urn:cite:hcmid:gen49bifolios.82v-83r
urn:cts:latinLit:stoa0162.stoa005.gen49:17.t1.54,"urn:cite:hcmid:gen49bifolioimgs.gen49-82v-83r@0.1142,0.2194,0.0641,0.0319",urn:cite:hcmid:gen49bifolios.82v-83r
urn:cts:latinLit:stoa0162.stoa005.gen49:17.t1.54_1,"urn:cite:hcmid:gen49bifolioimgs.gen49-82v-83r@0.1172,0.2458,0.6954,0.0403",urn:cite:hcmid:gen49bifolios.82v-83r
urn:cts:latinLit:stoa0162.stoa005.gen49:17.t1.54_2,"urn:cite:hcmid:gen49bifolioimgs.gen49-82v-83r@0.1172,0.2722,0.6904,0.0264",urn:cite:hcmid:gen49bifolios.82v-83r
urn:cts:latinLit:stoa0162.stoa005.gen49:17.t1.54_2_r1,"urn:cite:hcmid:gen49bifolioimgs.gen49-82v-83r@0.3337,0.2833,0.1303,0.0444",urn:cite:hcmid:gen49bifolios.82v-83r
urn:cts:latinLit:stoa0162.stoa005.gen49:17.t1.54_3,"urn:cite:hcmid:gen49bifolioimgs.gen49-82v-83r@0.1192,0.3111,0.6904,0.0347",urn:cite:hcmid:gen49bifolios.82v-83r
urn:cts:latinLit:stoa0162.stoa005.gen49:17.t1.54_4,"urn:cite:hcmid:gen49bifolioimgs.gen49-82v-83r@0.1172,0.3306,0.8447,0.0347",urn:cite:hcmid:gen49bifolios.82v-83r
urn:cts:latinLit:stoa0162.stoa005.gen49:17.t1.55,"urn:cite:hcmid:gen49bifolioimgs.gen49-82v-83r@0.1142,0.3639,0.0581,0.0264",urn:cite:hcmid:gen49bifolios.82v-83r
urn:cts:latinLit:stoa0162.stoa005.gen49:17.t1.55_r1,"urn:cite:hcmid:gen49bifolioimgs.gen49-82v-83r@0.0651,0.3319,0.3307,0.3347",urn:cite:hcmid:gen49bifolios.82v-83r
urn:cts:latinLit:stoa0162.stoa005.gen49:17.t1.55_1,"urn:cite:hcmid:gen49bifolioimgs.gen49-82v-83r@0.1713,0.5556,0.6423,0.0542",urn:cite:hcmid:gen49bifolios.82v-83r
urn:cts:latinLit:stoa0162.stoa005.gen49:17.t1.55_2,"urn:cite:hcmid:gen49bifolioimgs.gen49-82v-83r@0.1703,0.5833,0.6423,0.0306",urn:cite:hcmid:gen49bifolios.82v-83r
urn:cts:latinLit:stoa0162.stoa005.gen49:17.t1.55_3,"urn:cite:hcmid:gen49bifolioimgs.gen49-82v-83r@0.1703,0.6042,0.6423,0.0333",urn:cite:hcmid:gen49bifolios.82v-83r
urn:cts:latinLit:stoa0162.stoa005.gen49:17.t1.55_4,"urn:cite:hcmid:gen49bifolioimgs.gen49-82v-83r@0.1673,0.6319,0.6423,0.0333",urn:cite:hcmid:gen49bifolios.82v-83r
urn:cts:latinLit:stoa0162.stoa005.gen49:17.t1.56,"urn:cite:hcmid:gen49bifolioimgs.gen49-82v-83r@0.2054,0.65,0.0641,0.0333",urn:cite:hcmid:gen49bifolios.82v-83r
urn:cts:latinLit:stoa0162.stoa005.gen49:17.t1.56_1,"urn:cite:hcmid:gen49bifolioimgs.gen49-82v-83r@0.1102,0.6764,0.7034,0.0458",urn:cite:hcmid:gen49bifolios.82v-83r
urn:cts:latinLit:stoa0162.stoa005.gen49:17.t1.56_2,"urn:cite:hcmid:gen49bifolioimgs.gen49-82v-83r@0.1102,0.6792,0.7034,0.0958",urn:cite:hcmid:gen49bifolios.82v-83r
urn:cts:latinLit:stoa0162.stoa005.gen49:18.t1.header_1,"urn:cite:hcmid:gen49bifolioimgs.gen49-83v-84r@0.0911,0.007,0.8739,0.0974",urn:cite:hcmid:gen49bifolios.83v-84r
urn:cts:latinLit:stoa0162.stoa005.gen49:18.t1.56_3,"urn:cite:hcmid:gen49bifolioimgs.gen49-83v-84r@0.1121,0.1057,0.7077,0.0626",urn:cite:hcmid:gen49bifolios.83v-84r
urn:cts:latinLit:stoa0162.stoa005.gen49:18.t1.56_3_r1,"urn:cite:hcmid:gen49bifolioimgs.gen49-83v-84r@0.5185,0.1266,0.1572,0.032",urn:cite:hcmid:gen49bifolios.83v-84r
urn:cts:latinLit:stoa0162.stoa005.gen49:18.t1.56_4,"urn:cite:hcmid:gen49bifolioimgs.gen49-83v-84r@0.1111,0.1544,0.7047,0.0515",urn:cite:hcmid:gen49bifolios.83v-84r
urn:cts:latinLit:stoa0162.stoa005.gen49:18.t1.57,"urn:cite:hcmid:gen49bifolioimgs.gen49-83v-84r@0.1111,0.1808,0.0611,0.025",urn:cite:hcmid:gen49bifolios.83v-84r
urn:cts:latinLit:stoa0162.stoa005.gen49:18.t1.57_1,"urn:cite:hcmid:gen49bifolioimgs.gen49-83v-84r@0.1111,0.1961,0.7137,0.0376",urn:cite:hcmid:gen49bifolios.83v-84r
urn:cts:latinLit:stoa0162.stoa005.gen49:18.t1.57_2,"urn:cite:hcmid:gen49bifolioimgs.gen49-83v-84r@0.1131,0.2184,0.8348,0.0362",urn:cite:hcmid:gen49bifolios.83v-84r
urn:cts:latinLit:stoa0162.stoa005.gen49:18.t1.57_3,"urn:cite:hcmid:gen49bifolioimgs.gen49-83v-84r@0.1121,0.2434,0.8348,0.0362",urn:cite:hcmid:gen49bifolios.83v-84r
urn:cts:latinLit:stoa0162.stoa005.gen49:18.t1.57_4,"urn:cite:hcmid:gen49bifolioimgs.gen49-83v-84r@0.1131,0.2698,0.8348,0.0598",urn:cite:hcmid:gen49bifolios.83v-84r
urn:cts:latinLit:stoa0162.stoa005.gen49:18.t1.58,"urn:cite:hcmid:gen49bifolioimgs.gen49-83v-84r@0.1131,0.3032,0.0581,0.0264",urn:cite:hcmid:gen49bifolios.83v-84r
urn:cts:latinLit:stoa0162.stoa005.gen49:18.t1.58_1,"urn:cite:hcmid:gen49bifolioimgs.gen49-83v-84r@0.1131,0.3032,0.7017,0.0765",urn:cite:hcmid:gen49bifolios.83v-84r
urn:cts:latinLit:stoa0162.stoa005.gen49:18.t1.58_1_r1,"urn:cite:hcmid:gen49bifolioimgs.gen49-83v-84r@0.6036,0.3491,0.1952,0.0668",urn:cite:hcmid:gen49bifolios.83v-84r
urn:cts:latinLit:stoa0162.stoa005.gen49:18.t1.58_1_r2,"urn:cite:hcmid:gen49bifolioimgs.gen49-83v-84r@0.3033,0.3672,0.1321,0.1627",urn:cite:hcmid:gen49bifolios.83v-84r
urn:cts:latinLit:stoa0162.stoa005.gen49:18.t1.58_2,"urn:cite:hcmid:gen49bifolioimgs.gen49-83v-84r@0.1061,0.4701,0.7457,0.0821",urn:cite:hcmid:gen49bifolios.83v-84r
urn:cts:latinLit:stoa0162.stoa005.gen49:18.t1.58_3,"urn:cite:hcmid:gen49bifolioimgs.gen49-83v-84r@0.1071,0.5049,0.7197,0.0264",urn:cite:hcmid:gen49bifolios.83v-84r
urn:cts:latinLit:stoa0162.stoa005.gen49:18.t1.58_4,"urn:cite:hcmid:gen49bifolioimgs.gen49-83v-84r@0.1081,0.5188,0.7357,0.0487",urn:cite:hcmid:gen49bifolios.83v-84r
urn:cts:latinLit:stoa0162.stoa005.gen49:18.t1.59,"urn:cite:hcmid:gen49bifolioimgs.gen49-83v-84r@0.1061,0.5549,0.0671,0.025",urn:cite:hcmid:gen49bifolios.83v-84r
urn:cts:latinLit:stoa0162.stoa005.gen49:18.t1.59_1,"urn:cite:hcmid:gen49bifolioimgs.gen49-83v-84r@0.1121,0.5814,0.7177,0.0223",urn:cite:hcmid:gen49bifolios.83v-84r
urn:cts:latinLit:stoa0162.stoa005.gen49:18.t1.59_2,"urn:cite:hcmid:gen49bifolioimgs.gen49-83v-84r@0.1121,0.5967,0.7177,0.0362",urn:cite:hcmid:gen49bifolios.83v-84r
urn:cts:latinLit:stoa0162.stoa005.gen49:18.t1.59_3,"urn:cite:hcmid:gen49bifolioimgs.gen49-83v-84r@0.1111,0.6245,0.7177,0.0278",urn:cite:hcmid:gen49bifolios.83v-84r
urn:cts:latinLit:stoa0162.stoa005.gen49:18.t1.59_4,"urn:cite:hcmid:gen49bifolioimgs.gen49-83v-84r@0.1101,0.6412,0.8468,0.0334",urn:cite:hcmid:gen49bifolios.83v-84r
urn:cts:latinLit:stoa0162.stoa005.gen49:18.t1.60,"urn:cite:hcmid:gen49bifolioimgs.gen49-83v-84r@0.1081,0.6606,0.7237,0.1001",urn:cite:hcmid:gen49bifolios.83v-84r
urn:cts:latinLit:stoa0162.stoa005.gen49:18.t1.60_1,"urn:cite:hcmid:gen49bifolioimgs.gen49-83v-84r@0.1081,0.6718,0.0521,0.0376",urn:cite:hcmid:gen49bifolios.83v-84r
urn:cts:latinLit:stoa0162.stoa005.gen49:19.t1.header_1,"urn:cite:hcmid:gen49bifolioimgs.gen49-84v-85r@0.1081,0.0149,0.8569,0.106",urn:cite:hcmid:gen49bifolios.84v-85r
urn:cts:latinLit:stoa0162.stoa005.gen49:19.t1.60_2,"urn:cite:hcmid:gen49bifolioimgs.gen49-84v-85r@0.1111,0.1141,0.7037,0.0313",urn:cite:hcmid:gen49bifolios.84v-85r
urn:cts:latinLit:stoa0162.stoa005.gen49:19.t1.60_3,"urn:cite:hcmid:gen49bifolioimgs.gen49-84v-85r@0.1161,0.1386,0.6867,0.0693",urn:cite:hcmid:gen49bifolios.84v-85r
urn:cts:latinLit:stoa0162.stoa005.gen49:19.t1.60_4,"urn:cite:hcmid:gen49bifolioimgs.gen49-84v-85r@0.1151,0.163,0.6977,0.0313",urn:cite:hcmid:gen49bifolios.84v-85r
urn:cts:latinLit:stoa0162.stoa005.gen49:19.t1.61,"urn:cite:hcmid:gen49bifolioimgs.gen49-84v-85r@0.1111,0.1848,0.0691,0.0285",urn:cite:hcmid:gen49bifolios.84v-85r
urn:cts:latinLit:stoa0162.stoa005.gen49:19.t1.61_1,"urn:cite:hcmid:gen49bifolioimgs.gen49-84v-85r@0.1101,0.2079,0.6967,0.0299",urn:cite:hcmid:gen49bifolios.84v-85r
urn:cts:latinLit:stoa0162.stoa005.gen49:19.t1.61_2,"urn:cite:hcmid:gen49bifolioimgs.gen49-84v-85r@0.1191,0.2378,0.6897,0.0217",urn:cite:hcmid:gen49bifolios.84v-85r
urn:cts:latinLit:stoa0162.stoa005.gen49:19.t1.61_3,"urn:cite:hcmid:gen49bifolioimgs.gen49-84v-85r@0.1181,0.2595,0.6987,0.0245",urn:cite:hcmid:gen49bifolios.84v-85r
urn:cts:latinLit:stoa0162.stoa005.gen49:19.t1.61_4,"urn:cite:hcmid:gen49bifolioimgs.gen49-84v-85r@0.1171,0.2813,0.6877,0.0421",urn:cite:hcmid:gen49bifolios.84v-85r
urn:cts:latinLit:stoa0162.stoa005.gen49:19.t1.62,"urn:cite:hcmid:gen49bifolioimgs.gen49-84v-85r@0.1171,0.3098,0.0621,0.0245",urn:cite:hcmid:gen49bifolios.84v-85r
urn:cts:latinLit:stoa0162.stoa005.gen49:19.t1.62_1,"urn:cite:hcmid:gen49bifolioimgs.gen49-84v-85r@0.1151,0.3302,0.7007,0.0272",urn:cite:hcmid:gen49bifolios.84v-85r
urn:cts:latinLit:stoa0162.stoa005.gen49:19.t1.62_2,"urn:cite:hcmid:gen49bifolioimgs.gen49-84v-85r@0.1181,0.3492,0.8498,0.053",urn:cite:hcmid:gen49bifolios.84v-85r
urn:cts:latinLit:stoa0162.stoa005.gen49:19.t1.62_2_r1,"urn:cite:hcmid:gen49bifolioimgs.gen49-84v-85r@0.0931,0.3709,0.1281,0.0462",urn:cite:hcmid:gen49bifolios.84v-85r
urn:cts:latinLit:stoa0162.stoa005.gen49:19.t1.62_3,"urn:cite:hcmid:gen49bifolioimgs.gen49-84v-85r@0.1151,0.4076,0.7528,0.0856",urn:cite:hcmid:gen49bifolios.84v-85r
urn:cts:latinLit:stoa0162.stoa005.gen49:19.t1.62_4,"urn:cite:hcmid:gen49bifolioimgs.gen49-84v-85r@0.1171,0.4321,0.6967,0.0258",urn:cite:hcmid:gen49bifolios.84v-85r
urn:cts:latinLit:stoa0162.stoa005.gen49:19.t1.63,"urn:cite:hcmid:gen49bifolioimgs.gen49-84v-85r@0.1191,0.4565,0.0601,0.0299",urn:cite:hcmid:gen49bifolios.84v-85r
urn:cts:latinLit:stoa0162.stoa005.gen49:19.t1.63_1,"urn:cite:hcmid:gen49bifolioimgs.gen49-84v-85r@0.1161,0.4742,0.6847,0.0707",urn:cite:hcmid:gen49bifolios.84v-85r
urn:cts:latinLit:stoa0162.stoa005.gen49:19.t1.63_2,"urn:cite:hcmid:gen49bifolioimgs.gen49-84v-85r@0.1141,0.5054,0.6847,0.0245",urn:cite:hcmid:gen49bifolios.84v-85r
urn:cts:latinLit:stoa0162.stoa005.gen49:19.t1.63_3,"urn:cite:hcmid:gen49bifolioimgs.gen49-84v-85r@0.1141,0.5299,0.6847,0.0245",urn:cite:hcmid:gen49bifolios.84v-85r
urn:cts:latinLit:stoa0162.stoa005.gen49:19.t1.63_3_r1,"urn:cite:hcmid:gen49bifolioimgs.gen49-84v-85r@0.7147,0.5448,0.1722,0.1726",urn:cite:hcmid:gen49bifolios.84v-85r
urn:cts:latinLit:stoa0162.stoa005.gen49:19.t1.63_4,"urn:cite:hcmid:gen49bifolioimgs.gen49-84v-85r@0.1181,0.5421,0.6246,0.0353",urn:cite:hcmid:gen49bifolios.84v-85r
urn:cts:latinLit:stoa0162.stoa005.gen49:19.t1.64,"urn:cite:hcmid:gen49bifolioimgs.gen49-84v-85r@0.1171,0.5829,0.0691,0.0231",urn:cite:hcmid:gen49bifolios.84v-85r
urn:cts:latinLit:stoa0162.stoa005.gen49:19.t1.64_1,"urn:cite:hcmid:gen49bifolioimgs.gen49-84v-85r@0.1141,0.5938,0.5796,0.0598",urn:cite:hcmid:gen49bifolios.84v-85r
urn:cts:latinLit:stoa0162.stoa005.gen49:19.t1.64_2,"urn:cite:hcmid:gen49bifolioimgs.gen49-84v-85r@0.1141,0.6264,0.4545,0.0272",urn:cite:hcmid:gen49bifolios.84v-85r
urn:cts:latinLit:stoa0162.stoa005.gen49:19.t1.64_2_r1,"urn:cite:hcmid:gen49bifolioimgs.gen49-84v-85r@0.0921,0.6454,0.1391,0.0666",urn:cite:hcmid:gen49bifolios.84v-85r
urn:cts:latinLit:stoa0162.stoa005.gen49:19.t1.64_3,"urn:cite:hcmid:gen49bifolioimgs.gen49-84v-85r@0.1151,0.6997,0.4585,0.0258",urn:cite:hcmid:gen49bifolios.84v-85r
urn:cts:latinLit:stoa0162.stoa005.gen49:20.t1.header_1,"urn:cite:hcmid:gen49bifolioimgs.gen49-85v-86r@0.0752,0.0097,0.8978,0.1",urn:cite:hcmid:gen49bifolios.85v-86r
urn:cts:latinLit:stoa0162.stoa005.gen49:20.t1.64_4,"urn:cite:hcmid:gen49bifolioimgs.gen49-85v-86r@0.1052,0.1,0.8627,0.3181",urn:cite:hcmid:gen49bifolios.85v-86r
urn:cts:latinLit:stoa0162.stoa005.gen49:20.t1.65,"urn:cite:hcmid:gen49bifolioimgs.gen49-85v-86r@0.1102,0.2111,0.1122,0.1333",urn:cite:hcmid:gen49bifolios.85v-86r
urn:cts:latinLit:stoa0162.stoa005.gen49:21.t1.header_1,"urn:cite:hcmid:gen49bifolioimgs.gen49-85v-86r@0.0902,0.425,0.6012,0.0569",urn:cite:hcmid:gen49bifolios.85v-86r
urn:cts:latinLit:stoa0162.stoa005.gen49:21.t1.65_1,"urn:cite:hcmid:gen49bifolioimgs.gen49-85v-86r@0.1112,0.4736,0.7745,0.0569",urn:cite:hcmid:gen49bifolios.85v-86r
urn:cts:latinLit:stoa0162.stoa005.gen49:21.t1.65_2,"urn:cite:hcmid:gen49bifolioimgs.gen49-85v-86r@0.1082,0.5083,0.4669,0.025",urn:cite:hcmid:gen49bifolios.85v-86r
urn:cts:latinLit:stoa0162.stoa005.gen49:21.t1.65_3,"urn:cite:hcmid:gen49bifolioimgs.gen49-85v-86r@0.1112,0.5306,0.4669,0.0292",urn:cite:hcmid:gen49bifolios.85v-86r
urn:cts:latinLit:stoa0162.stoa005.gen49:21.t1.65_4,"urn:cite:hcmid:gen49bifolioimgs.gen49-85v-86r@0.1112,0.5528,0.4669,0.0292",urn:cite:hcmid:gen49bifolios.85v-86r
urn:cts:latinLit:stoa0162.stoa005.gen49:21.t1.66,"urn:cite:hcmid:gen49bifolioimgs.gen49-85v-86r@0.1112,0.5778,0.0812,0.0292",urn:cite:hcmid:gen49bifolios.85v-86r
urn:cts:latinLit:stoa0162.stoa005.gen49:21.t1.66_1,"urn:cite:hcmid:gen49bifolioimgs.gen49-85v-86r@0.1142,0.6069,0.4739,0.0347",urn:cite:hcmid:gen49bifolios.85v-86r
urn:cts:latinLit:stoa0162.stoa005.gen49:21.t1.66_2,"urn:cite:hcmid:gen49bifolioimgs.gen49-85v-86r@0.1132,0.6333,0.4739,0.025",urn:cite:hcmid:gen49bifolios.85v-86r
urn:cts:latinLit:stoa0162.stoa005.gen49:21.t1.66_3,"urn:cite:hcmid:gen49bifolioimgs.gen49-85v-86r@0.1122,0.6514,0.4739,0.025",urn:cite:hcmid:gen49bifolios.85v-86r
urn:cts:latinLit:stoa0162.stoa005.gen49:21.t1.66_4,"urn:cite:hcmid:gen49bifolioimgs.gen49-85v-86r@0.1132,0.6806,0.4639,0.025",urn:cite:hcmid:gen49bifolios.85v-86r
urn:cts:latinLit:stoa0162.stoa005.gen49:21.t1.67,"urn:cite:hcmid:gen49bifolioimgs.gen49-85v-86r@0.1132,0.7056,0.0681,0.025",urn:cite:hcmid:gen49bifolios.85v-86r
urn:cts:latinLit:stoa0162.stoa005.gen49:21.t1.67_r1,"urn:cite:hcmid:gen49bifolioimgs.gen49-85v-86r@0.5451,0.7069,0.1122,0.15",urn:cite:hcmid:gen49bifolios.85v-86r
urn:cts:latinLit:stoa0162.stoa005.gen49:22.t1.header_1,"urn:cite:hcmid:gen49bifolioimgs.gen49-86v-87r@0.023,0.022,0.4344,0.0937",urn:cite:hcmid:gen49.86v
urn:cts:latinLit:stoa0162.stoa005.gen49:22.t1.67_1,"urn:cite:hcmid:gen49bifolioimgs.gen49-86v-87r@0.1221,0.1253,0.2793,0.1364",urn:cite:hcmid:gen49.86v
urn:cts:latinLit:stoa0162.stoa005.gen49:22.t1.67_2,"urn:cite:hcmid:gen49bifolioimgs.gen49-86v-87r@0.042,0.2658,0.3614,0.0303",urn:cite:hcmid:gen49.86v
urn:cts:latinLit:stoa0162.stoa005.gen49:22.t1.67_3,"urn:cite:hcmid:gen49bifolioimgs.gen49-86v-87r@0.1221,0.2975,0.2883,0.0303",urn:cite:hcmid:gen49.86v
urn:cts:latinLit:stoa0162.stoa005.gen49:22.t1.67_4,"urn:cite:hcmid:gen49bifolioimgs.gen49-86v-87r@0.1221,0.3182,0.2883,0.0413",urn:cite:hcmid:gen49.86v
urn:cts:latinLit:stoa0162.stoa005.gen49:22.t1.67_3,"urn:cite:hcmid:gen49bifolioimgs.gen49-86v-87r@0.1221,0.2975,0.2883,0.0303",urn:cite:hcmid:gen49.86v
urn:cts:latinLit:stoa0162.stoa005.gen49:22.t1.68,"urn:cite:hcmid:gen49bifolioimgs.gen49-86v-87r@0.1191,0.3499,0.0641,0.0234",urn:cite:hcmid:gen49.86v
urn:cts:latinLit:stoa0162.stoa005.gen49:22.t1.68_1,"urn:cite:hcmid:gen49bifolioimgs.gen49-86v-87r@0.1201,0.3733,0.2873,0.0344",urn:cite:hcmid:gen49.86v
urn:cts:latinLit:stoa0162.stoa005.gen49:22.t1.68_2,"urn:cite:hcmid:gen49bifolioimgs.gen49-86v-87r@0.1201,0.4008,0.2893,0.0179",urn:cite:hcmid:gen49.86v
urn:cts:latinLit:stoa0162.stoa005.gen49:22.t1.68_3,"urn:cite:hcmid:gen49bifolioimgs.gen49-86v-87r@0.1211,0.427,0.2933,0.0179",urn:cite:hcmid:gen49.86v
urn:cts:latinLit:stoa0162.stoa005.gen49:22.t1.68_4,"urn:cite:hcmid:gen49bifolioimgs.gen49-86v-87r@0.1211,0.4504,0.2933,0.0207",urn:cite:hcmid:gen49.86v
urn:cts:latinLit:stoa0162.stoa005.gen49:22.t1.69,"urn:cite:hcmid:gen49bifolioimgs.gen49-86v-87r@0.1191,0.4738,0.0711,0.0207",urn:cite:hcmid:gen49.86v
urn:cts:latinLit:stoa0162.stoa005.gen49:22.t1.69_1,"urn:cite:hcmid:gen49bifolioimgs.gen49-86v-87r@0.1211,0.4862,0.2462,0.0937",urn:cite:hcmid:gen49.86v
urn:cts:latinLit:stoa0162.stoa005.gen49:22.t1.69_1_r1,"urn:cite:hcmid:gen49bifolioimgs.gen49-86v-87r@0.3614,0.5152,0.1111,0.0455",urn:cite:hcmid:gen49.86v
urn:cts:latinLit:stoa0162.stoa005.gen49:22.t1.69_2,"urn:cite:hcmid:gen49bifolioimgs.gen49-86v-87r@0.1211,0.551,0.2653,0.0234",urn:cite:hcmid:gen49.86v
urn:cts:latinLit:stoa0162.stoa005.gen49:22.t1.69_3,"urn:cite:hcmid:gen49bifolioimgs.gen49-86v-87r@0.1211,0.5716,0.2693,0.0234",urn:cite:hcmid:gen49.86v
urn:cts:latinLit:stoa0162.stoa005.gen49:22.t1.69_4,"urn:cite:hcmid:gen49bifolioimgs.gen49-86v-87r@0.048,0.5909,0.3463,0.0661",urn:cite:hcmid:gen49.86v
urn:cts:latinLit:stoa0162.stoa005.gen49:22.t1.70,"urn:cite:hcmid:gen49bifolioimgs.gen49-86v-87r@0.1191,0.6212,0.0601,0.0275",urn:cite:hcmid:gen49.86v
urn:cts:latinLit:stoa0162.stoa005.gen49:22.t1.70_1,"urn:cite:hcmid:gen49bifolioimgs.gen49-86v-87r@0.1191,0.646,0.2753,0.0275",urn:cite:hcmid:gen49.86v
urn:cts:latinLit:stoa0162.stoa005.gen49:22.t1.70_2,"urn:cite:hcmid:gen49bifolioimgs.gen49-86v-87r@0.1191,0.668,0.2753,0.0275",urn:cite:hcmid:gen49.86v
urn:cts:latinLit:stoa0162.stoa005.gen49:22.t1.70_3,"urn:cite:hcmid:gen49bifolioimgs.gen49-86v-87r@0.1201,0.6928,0.2753,0.0275",urn:cite:hcmid:gen49.86v
urn:cts:latinLit:stoa0162.stoa005.gen49:22.t1.70_4,"urn:cite:hcmid:gen49bifolioimgs.gen49-86v-87r@0.1211,0.7066,0.2753,0.0344",urn:cite:hcmid:gen49.86v
urn:cts:latinLit:stoa0162.stoa005.gen49:22.t1.header_2,"urn:cite:hcmid:gen49bifolioimgs.gen49-86v-87r@0.5275,0.0096,0.4254,0.1102",urn:cite:hcmid:gen49.87r
urn:cts:latinLit:stoa0162.stoa005.gen49:22.t1.71,"urn:cite:hcmid:gen49bifolioimgs.gen49-86v-87r@0.5275,0.1198,0.0731,0.0289",urn:cite:hcmid:gen49.87r
urn:cts:latinLit:stoa0162.stoa005.gen49:22.t1.71_1,"urn:cite:hcmid:gen49bifolioimgs.gen49-86v-87r@0.5275,0.146,0.2883,0.0262",urn:cite:hcmid:gen49.87r
urn:cts:latinLit:stoa0162.stoa005.gen49:22.t1.71_2,"urn:cite:hcmid:gen49bifolioimgs.gen49-86v-87r@0.5295,0.1694,0.2973,0.0275",urn:cite:hcmid:gen49.87r
urn:cts:latinLit:stoa0162.stoa005.gen49:22.t1.71_3,"urn:cite:hcmid:gen49bifolioimgs.gen49-86v-87r@0.5315,0.1956,0.2773,0.0344",urn:cite:hcmid:gen49.87r
urn:cts:latinLit:stoa0162.stoa005.gen49:22.t1.71_4,"urn:cite:hcmid:gen49bifolioimgs.gen49-86v-87r@0.5305,0.2231,0.2753,0.0482",urn:cite:hcmid:gen49.87r
urn:cts:latinLit:stoa0162.stoa005.gen49:22.t1.72,"urn:cite:hcmid:gen49bifolioimgs.gen49-86v-87r@0.5305,0.2452,0.0801,0.0289",urn:cite:hcmid:gen49.87r
urn:cts:latinLit:stoa0162.stoa005.gen49:22.t1.72_1,"urn:cite:hcmid:gen49bifolioimgs.gen49-86v-87r@0.5315,0.27,0.2783,0.0523",urn:cite:hcmid:gen49.87r
urn:cts:latinLit:stoa0162.stoa005.gen49:22.t1.72_2,"urn:cite:hcmid:gen49bifolioimgs.gen49-86v-87r@0.5295,0.2851,0.4174,0.0399",urn:cite:hcmid:gen49.87r
urn:cts:latinLit:stoa0162.stoa005.gen49:22.t1.72_3,"urn:cite:hcmid:gen49bifolioimgs.gen49-86v-87r@0.5335,0.3182,0.3063,0.022",urn:cite:hcmid:gen49.87r
urn:cts:latinLit:stoa0162.stoa005.gen49:22.t1.72_4,"urn:cite:hcmid:gen49bifolioimgs.gen49-86v-87r@0.5325,0.343,0.2773,0.062",urn:cite:hcmid:gen49.87r
urn:cts:latinLit:stoa0162.stoa005.gen49:22.t1.73,"urn:cite:hcmid:gen49bifolioimgs.gen49-86v-87r@0.5305,0.3636,0.0811,0.0317",urn:cite:hcmid:gen49.87r
urn:cts:latinLit:stoa0162.stoa005.gen49:22.t1.73_1,"urn:cite:hcmid:gen49bifolioimgs.gen49-86v-87r@0.5305,0.3912,0.2823,0.0523",urn:cite:hcmid:gen49.87r
urn:cts:latinLit:stoa0162.stoa005.gen49:22.t1.73_2,"urn:cite:hcmid:gen49bifolioimgs.gen49-86v-87r@0.5335,0.4118,0.2973,0.0317",urn:cite:hcmid:gen49.87r
urn:cts:latinLit:stoa0162.stoa005.gen49:22.t1.73_3,"urn:cite:hcmid:gen49bifolioimgs.gen49-86v-87r@0.5345,0.438,0.2873,0.0399",urn:cite:hcmid:gen49.87r
urn:cts:latinLit:stoa0162.stoa005.gen49:22.t1.73_3_r1,"urn:cite:hcmid:gen49bifolioimgs.gen49-86v-87r@0.5135,0.4587,0.1411,0.0523",urn:cite:hcmid:gen49.87r
urn:cts:latinLit:stoa0162.stoa005.gen49:22.t1.73_4,"urn:cite:hcmid:gen49bifolioimgs.gen49-86v-87r@0.5325,0.5041,0.2873,0.0399",urn:cite:hcmid:gen49.87r
urn:cts:latinLit:stoa0162.stoa005.gen49:22.t1.74,"urn:cite:hcmid:gen49bifolioimgs.gen49-86v-87r@0.5315,0.5317,0.0771,0.0248",urn:cite:hcmid:gen49.87r
urn:cts:latinLit:stoa0162.stoa005.gen49:22.t1.74_1,"urn:cite:hcmid:gen49bifolioimgs.gen49-86v-87r@0.5325,0.5399,0.2823,0.0372",urn:cite:hcmid:gen49.87r
urn:cts:latinLit:stoa0162.stoa005.gen49:22.t1.74_2,"urn:cite:hcmid:gen49bifolioimgs.gen49-86v-87r@0.5355,0.5744,0.2833,0.0262",urn:cite:hcmid:gen49.87r
urn:cts:latinLit:stoa0162.stoa005.gen49:22.t1.74_3,"urn:cite:hcmid:gen49bifolioimgs.gen49-86v-87r@0.5385,0.6006,0.2803,0.0317",urn:cite:hcmid:gen49.87r
urn:cts:latinLit:stoa0162.stoa005.gen49:22.t1.74_4,"urn:cite:hcmid:gen49bifolioimgs.gen49-86v-87r@0.5355,0.6157,0.4174,0.0523",urn:cite:hcmid:gen49.87r
urn:cts:latinLit:stoa0162.stoa005.gen49:22.t1.75,"urn:cite:hcmid:gen49bifolioimgs.gen49-86v-87r@0.5335,0.6543,0.0711,0.0234",urn:cite:hcmid:gen49.87r
urn:cts:latinLit:stoa0162.stoa005.gen49:22.t1.75_1,"urn:cite:hcmid:gen49bifolioimgs.gen49-86v-87r@0.5355,0.6598,0.3043,0.0372",urn:cite:hcmid:gen49.87r
urn:cts:latinLit:stoa0162.stoa005.gen49:22.t1.75_2,"urn:cite:hcmid:gen49bifolioimgs.gen49-86v-87r@0.5345,0.6983,0.3013,0.0262",urn:cite:hcmid:gen49.87r
urn:cts:latinLit:stoa0162.stoa005.gen49:22.t1.header_3,"urn:cite:hcmid:gen49bifolioimgs.gen49-87v-88r@0.009,0.0166,0.4054,0.0929",
urn:cts:latinLit:stoa0162.stoa005.gen49:22.t1.75_3,"urn:cite:hcmid:gen49bifolioimgs.gen49-87v-88r@0.1111,0.1123,0.2863,0.0277",
urn:cts:latinLit:stoa0162.stoa005.gen49:22.t1.75_4,"urn:cite:hcmid:gen49bifolioimgs.gen49-87v-88r@0.1121,0.1401,0.2913,0.0277",
urn:cts:latinLit:stoa0162.stoa005.gen49:22.t1.76,"urn:cite:hcmid:gen49bifolioimgs.gen49-87v-88r@0.1131,0.165,0.0691,0.0222",
urn:cts:latinLit:stoa0162.stoa005.gen49:22.t1.76_1,"urn:cite:hcmid:gen49bifolioimgs.gen49-87v-88r@0.1141,0.1886,0.2873,0.0264",
urn:cts:latinLit:stoa0162.stoa005.gen49:22.t1.76_2,"urn:cite:hcmid:gen49bifolioimgs.gen49-87v-88r@0.1161,0.215,0.2873,0.0361",
urn:cts:latinLit:stoa0162.stoa005.gen49:22.t1.76_3,"urn:cite:hcmid:gen49bifolioimgs.gen49-87v-88r@0.1161,0.258,0.2873,0.0444",
