Text,Image
urn:cts:latinLit:stoa0162.stoa005.gen49:14.t1.header_1,"urn:cite:hcmid:gen49bifolioimgs.gen49-69v-70r@0.095,0.0122,0.87,0.1075"
urn:cts:latinLit:stoa0162.stoa005.gen49:14.t1.1,"urn:cite:hcmid:gen49bifolioimgs.gen49-69v-70r@0.116,0.1143,0.071,0.0204"
urn:cts:latinLit:stoa0162.stoa005.gen49:14.t1.1_1,"urn:cite:hcmid:gen49bifolioimgs.gen49-69v-70r@0.121,0.1401,0.731,0.0327"
urn:cts:latinLit:stoa0162.stoa005.gen49:14.t1.1_1_r1,"urn:cite:hcmid:gen49bifolioimgs.gen49-69v-70r@0.261,0.1592,0.159,0.0299"
urn:cts:latinLit:stoa0162.stoa005.gen49:14.t1.1_2,"urn:cite:hcmid:gen49bifolioimgs.gen49-69v-70r@0.1121,0.1866,0.7277,0.0858"
urn:cts:latinLit:stoa0162.stoa005.gen49:14.t1.1_3,"urn:cite:hcmid:gen49bifolioimgs.gen49-69v-70r@0.1121,0.2139,0.7277,0.0259"
urn:cts:latinLit:stoa0162.stoa005.gen49:14.t1.1_3_r1,"urn:cite:hcmid:gen49bifolioimgs.gen49-69v-70r@0.1872,0.2316,0.6937,0.0409"
urn:cts:latinLit:stoa0162.stoa005.gen49:14.t1.1_4,"urn:cite:hcmid:gen49bifolioimgs.gen49-69v-70r@0.1191,0.2657,0.7347,0.0463"
urn:cts:latinLit:stoa0162.stoa005.gen49:14.t1.2,"urn:cite:hcmid:gen49bifolioimgs.gen49-69v-70r@0.1201,0.2875,0.0651,0.0245"
urn:cts:latinLit:stoa0162.stoa005.gen49:14.t1.2_1,"urn:cite:hcmid:gen49bifolioimgs.gen49-69v-70r@0.1211,0.3106,0.7137,0.0313"
urn:cts:latinLit:stoa0162.stoa005.gen49:14.t1.2_2,"urn:cite:hcmid:gen49bifolioimgs.gen49-69v-70r@0.1211,0.3338,0.8539,0.0245"
urn:cts:latinLit:stoa0162.stoa005.gen49:14.t1.2_3,"urn:cite:hcmid:gen49bifolioimgs.gen49-69v-70r@0.1201,0.3597,0.7297,0.045"
urn:cts:latinLit:stoa0162.stoa005.gen49:14.t1.2_4,"urn:cite:hcmid:gen49bifolioimgs.gen49-69v-70r@0.1201,0.3842,0.7297,0.0327"
urn:cts:latinLit:stoa0162.stoa005.gen49:14.t1.3,"urn:cite:hcmid:gen49bifolioimgs.gen49-69v-70r@0.1211,0.4074,0.0671,0.0259"
urn:cts:latinLit:stoa0162.stoa005.gen49:14.t1.3_1,"urn:cite:hcmid:gen49bifolioimgs.gen49-69v-70r@0.1221,0.4332,0.7277,0.0259"
urn:cts:latinLit:stoa0162.stoa005.gen49:14.t1.3_2,"urn:cite:hcmid:gen49bifolioimgs.gen49-69v-70r@0.1231,0.4564,0.7277,0.0504"
urn:cts:latinLit:stoa0162.stoa005.gen49:14.t1.3_3,"urn:cite:hcmid:gen49bifolioimgs.gen49-69v-70r@0.1231,0.4837,0.7277,0.0232"
urn:cts:latinLit:stoa0162.stoa005.gen49:14.t1.3_4,"urn:cite:hcmid:gen49bifolioimgs.gen49-69v-70r@0.1201,0.5123,0.7257,0.0163"
urn:cts:latinLit:stoa0162.stoa005.gen49:14.t1.4,"urn:cite:hcmid:gen49bifolioimgs.gen49-69v-70r@0.1221,0.5354,0.0681,0.0218"
urn:cts:latinLit:stoa0162.stoa005.gen49:14.t1.4_1,"urn:cite:hcmid:gen49bifolioimgs.gen49-69v-70r@0.1231,0.5586,0.7207,0.0654"
urn:cts:latinLit:stoa0162.stoa005.gen49:14.t1.4_2,"urn:cite:hcmid:gen49bifolioimgs.gen49-69v-70r@0.1201,0.5804,0.7207,0.0218"
urn:cts:latinLit:stoa0162.stoa005.gen49:14.t1.4_3,"urn:cite:hcmid:gen49bifolioimgs.gen49-69v-70r@0.1081,0.6076,0.7307,0.0218"
urn:cts:latinLit:stoa0162.stoa005.gen49:14.t1.4_3_r1,"urn:cite:hcmid:gen49bifolioimgs.gen49-69v-70r@0.1021,0.6294,0.1141,0.0341"
urn:cts:latinLit:stoa0162.stoa005.gen49:14.t1.4_4,"urn:cite:hcmid:gen49bifolioimgs.gen49-69v-70r@0.1201,0.6512,0.8539,0.0232"
urn:cts:latinLit:stoa0162.stoa005.gen49:14.t1.5,"urn:cite:hcmid:gen49bifolioimgs.gen49-69v-70r@0.1181,0.6785,0.0641,0.0245"
urn:cts:latinLit:stoa0162.stoa005.gen49:14.t1.5_1,"urn:cite:hcmid:gen49bifolioimgs.gen49-69v-70r@0.1181,0.703,0.7267,0.0245"
urn:cts:latinLit:stoa0162.stoa005.gen49:14.t1.header_2,"urn:cite:hcmid:gen49bifolioimgs.gen49-70v-71r@0.0691,0.014,0.9059,0.1094"
urn:cts:latinLit:stoa0162.stoa005.gen49:14.t1.5_2,"urn:cite:hcmid:gen49bifolioimgs.gen49-70v-71r@0.1171,0.1136,0.7167,0.0224"
urn:cts:latinLit:stoa0162.stoa005.gen49:14.t1.5_3,"urn:cite:hcmid:gen49bifolioimgs.gen49-70v-71r@0.1171,0.136,0.7167,0.0898"
urn:cts:latinLit:stoa0162.stoa005.gen49:14.t1.5_3_r1,"urn:cite:hcmid:gen49bifolioimgs.gen49-70v-71r@0.1842,0.1585,0.1682,0.0449"
urn:cts:latinLit:stoa0162.stoa005.gen49:14.t1.5_4,"urn:cite:hcmid:gen49bifolioimgs.gen49-70v-71r@0.1231,0.1879,0.7107,0.0463"
urn:cts:latinLit:stoa0162.stoa005.gen49:14.t1.6,"urn:cite:hcmid:gen49bifolioimgs.gen49-70v-71r@0.1191,0.2202,0.0671,0.0238"
urn:cts:latinLit:stoa0162.stoa005.gen49:14.t1.6_1,"urn:cite:hcmid:gen49bifolioimgs.gen49-70v-71r@0.1241,0.2412,0.6987,0.0281"
urn:cts:latinLit:stoa0162.stoa005.gen49:14.t1.6_1_r1,"urn:cite:hcmid:gen49bifolioimgs.gen49-70v-71r@0.2673,0.2581,0.6216,0.1767"
urn:cts:latinLit:stoa0162.stoa005.gen49:14.t1.6_2,"urn:cite:hcmid:gen49bifolioimgs.gen49-70v-71r@0.1231,0.2875,0.7157,0.0266"
urn:cts:latinLit:stoa0162.stoa005.gen49:14.t1.6_3,"urn:cite:hcmid:gen49bifolioimgs.gen49-70v-71r@0.1241,0.3142,0.7157,0.0266"
urn:cts:latinLit:stoa0162.stoa005.gen49:14.t1.6_3_r1,"urn:cite:hcmid:gen49bifolioimgs.gen49-70v-71r@0.6106,0.317,0.0911,0.0323"
urn:cts:latinLit:stoa0162.stoa005.gen49:14.t1.6_4,"urn:cite:hcmid:gen49bifolioimgs.gen49-70v-71r@0.1221,0.3604,0.7618,0.0575"
urn:cts:latinLit:stoa0162.stoa005.gen49:14.t1.7,"urn:cite:hcmid:gen49bifolioimgs.gen49-70v-71r@0.1221,0.3927,0.0671,0.0238"
urn:cts:latinLit:stoa0162.stoa005.gen49:14.t1.7_r1,"urn:cite:hcmid:gen49bifolioimgs.gen49-70v-71r@0.5395,0.4208,0.0911,0.1248"
urn:cts:latinLit:stoa0162.stoa005.gen49:14.t1.7_1,"urn:cite:hcmid:gen49bifolioimgs.gen49-70v-71r@0.1231,0.5554,0.6957,0.0224"
urn:cts:latinLit:stoa0162.stoa005.gen49:14.t1.7_2,"urn:cite:hcmid:gen49bifolioimgs.gen49-70v-71r@0.1211,0.561,0.8308,0.0407"
urn:cts:latinLit:stoa0162.stoa005.gen49:14.t1.7_3,"urn:cite:hcmid:gen49bifolioimgs.gen49-70v-71r@0.1161,0.5975,0.7147,0.0323"
urn:cts:latinLit:stoa0162.stoa005.gen49:14.t1.7_4,"urn:cite:hcmid:gen49bifolioimgs.gen49-70v-71r@0.1221,0.6199,0.7147,0.0365"
urn:cts:latinLit:stoa0162.stoa005.gen49:14.t1.8,"urn:cite:hcmid:gen49bifolioimgs.gen49-70v-71r@0.1231,0.6536,0.0691,0.0224"
urn:cts:latinLit:stoa0162.stoa005.gen49:14.t1.8_1,"urn:cite:hcmid:gen49bifolioimgs.gen49-70v-71r@0.1231,0.662,0.7147,0.0477"
urn:cts:latinLit:stoa0162.stoa005.gen49:14.t1.8_2,"urn:cite:hcmid:gen49bifolioimgs.gen49-70v-71r@0.1181,0.6971,0.7147,0.0281"
urn:cts:latinLit:stoa0162.stoa005.gen49:14.t1.8_2_r1,"urn:cite:hcmid:gen49bifolioimgs.gen49-70v-71r@0.2503,0.7111,0.6396,0.0617"
urn:cts:latinLit:stoa0162.stoa005.gen49:15.t1.header_1,"urn:cite:hcmid:gen49bifolioimgs.gen49-71v-72r@0.1012,0.0028,0.8507,0.1059"
urn:cts:latinLit:stoa0162.stoa005.gen49:15.t2.header_1,"urn:cite:hcmid:gen49bifolioimgs.gen49-71v-72r@0.0862,0.1003,0.8507,0.0452"
urn:cts:latinLit:stoa0162.stoa005.gen49:15.t3.header_1,"urn:cite:hcmid:gen49bifolioimgs.gen49-71v-72r@0.1082,0.1638,0.7685,0.0311"
urn:cts:latinLit:stoa0162.stoa005.gen49:15.t3.8_3,"urn:cite:hcmid:gen49bifolioimgs.gen49-71v-72r@0.1212,0.1977,0.7004,0.065"
urn:cts:latinLit:stoa0162.stoa005.gen49:15.t3.8_4,"urn:cite:hcmid:gen49bifolioimgs.gen49-71v-72r@0.1212,0.2218,0.7054,0.048"
urn:cts:latinLit:stoa0162.stoa005.gen49:15.t3.9,"urn:cite:hcmid:gen49bifolioimgs.gen49-71v-72r@0.1182,0.2472,0.0631,0.0184"
urn:cts:latinLit:stoa0162.stoa005.gen49:15.t3.9_1,"urn:cite:hcmid:gen49bifolioimgs.gen49-71v-72r@0.1202,0.2599,0.7134,0.0424"
urn:cts:latinLit:stoa0162.stoa005.gen49:15.t3.9_1_r1,"urn:cite:hcmid:gen49bifolioimgs.gen49-71v-72r@0.3507,0.2867,0.1112,0.0395"
urn:cts:latinLit:stoa0162.stoa005.gen49:15.t3.9_2,"urn:cite:hcmid:gen49bifolioimgs.gen49-71v-72r@0.1182,0.3234,0.7124,0.0184"
urn:cts:latinLit:stoa0162.stoa005.gen49:15.t3.9_2_r1,"urn:cite:hcmid:gen49bifolioimgs.gen49-71v-72r@0.2655,0.3362,0.1493,0.0325"
urn:cts:latinLit:stoa0162.stoa005.gen49:15.t3.9_3,"urn:cite:hcmid:gen49bifolioimgs.gen49-71v-72r@0.1202,0.3701,0.6914,0.0876"
urn:cts:latinLit:stoa0162.stoa005.gen49:15.t3.9_3_r1,"urn:cite:hcmid:gen49bifolioimgs.gen49-71v-72r@0.1854,0.3856,0.0982,0.0537"
urn:cts:latinLit:stoa0162.stoa005.gen49:15.t3.9_4,"urn:cite:hcmid:gen49bifolioimgs.gen49-71v-72r@0.1232,0.411,0.8417,0.0339"
urn:cts:latinLit:stoa0162.stoa005.gen49:15.t3.10,"urn:cite:hcmid:gen49bifolioimgs.gen49-71v-72r@0.1152,0.4449,0.0661,0.0226"
urn:cts:latinLit:stoa0162.stoa005.gen49:15.t3.10_1,"urn:cite:hcmid:gen49bifolioimgs.gen49-71v-72r@0.1212,0.4718,0.6974,0.048"
urn:cts:latinLit:stoa0162.stoa005.gen49:15.t3.10_2,"urn:cite:hcmid:gen49bifolioimgs.gen49-71v-72r@0.1242,0.4986,0.7144,0.0466"
urn:cts:latinLit:stoa0162.stoa005.gen49:15.t3.10_3,"urn:cite:hcmid:gen49bifolioimgs.gen49-71v-72r@0.1242,0.5212,0.7144,0.024"
urn:cts:latinLit:stoa0162.stoa005.gen49:15.t3.10_4,"urn:cite:hcmid:gen49bifolioimgs.gen49-71v-72r@0.1232,0.5381,0.7695,0.0706"
urn:cts:latinLit:stoa0162.stoa005.gen49:15.t3.11,"urn:cite:hcmid:gen49bifolioimgs.gen49-71v-72r@0.1192,0.5706,0.0671,0.0212"
urn:cts:latinLit:stoa0162.stoa005.gen49:15.t3.11_r1,"urn:cite:hcmid:gen49bifolioimgs.gen49-71v-72r@0.7655,0.6031,0.1393,0.0621"
urn:cts:latinLit:stoa0162.stoa005.gen49:15.t3.11_1,"urn:cite:hcmid:gen49bifolioimgs.gen49-71v-72r@0.1212,0.6836,0.6814,0.0226"
urn:cts:latinLit:stoa0162.stoa005.gen49:15.t3.11_1_r1,"urn:cite:hcmid:gen49bifolioimgs.gen49-71v-72r@0.52,0.7034,0.1623,0.048"
urn:cts:latinLit:stoa0162.stoa005.gen49:15.t3.header_2,"urn:cite:hcmid:gen49bifolioimgs.gen49-72v-73r@0.0721,0.0055,0.8899,0.1151"
urn:cts:latinLit:stoa0162.stoa005.gen49:15.t3.11_2,"urn:cite:hcmid:gen49bifolioimgs.gen49-72v-73r@0.019,0.1082,0.7908,0.0361"
urn:cts:latinLit:stoa0162.stoa005.gen49:15.t3.11_3,"urn:cite:hcmid:gen49bifolioimgs.gen49-72v-73r@0.1191,0.1373,0.6877,0.0305"
urn:cts:latinLit:stoa0162.stoa005.gen49:15.t3.11_3_r1,"urn:cite:hcmid:gen49bifolioimgs.gen49-72v-73r@0.3463,0.1498,0.1532,0.0555"
urn:cts:latinLit:stoa0162.stoa005.gen49:15.t3.11_4,"urn:cite:hcmid:gen49bifolioimgs.gen49-72v-73r@0.1171,0.1886,0.6967,0.025"
urn:cts:latinLit:stoa0162.stoa005.gen49:15.t3.12,"urn:cite:hcmid:gen49bifolioimgs.gen49-72v-73r@0.1241,0.2122,0.0771,0.0305"
urn:cts:latinLit:stoa0162.stoa005.gen49:15.t3.12_1,"urn:cite:hcmid:gen49bifolioimgs.gen49-72v-73r@0.1191,0.2344,0.6977,0.0291"
urn:cts:latinLit:stoa0162.stoa005.gen49:15.t3.12_2,"urn:cite:hcmid:gen49bifolioimgs.gen49-72v-73r@0.1221,0.2635,0.6977,0.0291"
urn:cts:latinLit:stoa0162.stoa005.gen49:15.t3.12_3,"urn:cite:hcmid:gen49bifolioimgs.gen49-72v-73r@0.1231,0.2774,0.8248,0.0347"
urn:cts:latinLit:stoa0162.stoa005.gen49:15.t3.12_4,"urn:cite:hcmid:gen49bifolioimgs.gen49-72v-73r@0.1211,0.3107,0.7037,0.025"
urn:cts:latinLit:stoa0162.stoa005.gen49:15.t3.13,"urn:cite:hcmid:gen49bifolioimgs.gen49-72v-73r@0.1221,0.3287,0.2623,0.043"
urn:cts:latinLit:stoa0162.stoa005.gen49:15.t3.13_1,"urn:cite:hcmid:gen49bifolioimgs.gen49-72v-73r@0.1261,0.3592,0.6767,0.0985"
urn:cts:latinLit:stoa0162.stoa005.gen49:15.t3.13_2,"urn:cite:hcmid:gen49bifolioimgs.gen49-72v-73r@0.1201,0.3828,0.6877,0.0305"
urn:cts:latinLit:stoa0162.stoa005.gen49:15.t3.13_3,"urn:cite:hcmid:gen49bifolioimgs.gen49-72v-73r@0.1211,0.4064,0.6877,0.0305"
urn:cts:latinLit:stoa0162.stoa005.gen49:15.t3.13_4,"urn:cite:hcmid:gen49bifolioimgs.gen49-72v-73r@0.1211,0.4341,0.6877,0.0305"
urn:cts:latinLit:stoa0162.stoa005.gen49:15.t3.14,"urn:cite:hcmid:gen49bifolioimgs.gen49-72v-73r@0.1231,0.4466,0.7708,0.0472"
urn:cts:latinLit:stoa0162.stoa005.gen49:15.t3.14_1,"urn:cite:hcmid:gen49bifolioimgs.gen49-72v-73r@0.1101,0.4854,0.6867,0.0305"
urn:cts:latinLit:stoa0162.stoa005.gen49:15.t3.14_1_r1,"urn:cite:hcmid:gen49bifolioimgs.gen49-72v-73r@0.3624,0.5062,0.1131,0.0444"
urn:cts:latinLit:stoa0162.stoa005.gen49:15.t3.14_2,"urn:cite:hcmid:gen49bifolioimgs.gen49-72v-73r@0.1251,0.5354,0.6887,0.0319"
urn:cts:latinLit:stoa0162.stoa005.gen49:15.t3.14_3,"urn:cite:hcmid:gen49bifolioimgs.gen49-72v-73r@0.1111,0.5589,0.6897,0.0319"
urn:cts:latinLit:stoa0162.stoa005.gen49:15.t3.14_3_r1,"urn:cite:hcmid:gen49bifolioimgs.gen49-72v-73r@0.0991,0.5811,0.1862,0.0319"
urn:cts:latinLit:stoa0162.stoa005.gen49:15.t3.14_4,"urn:cite:hcmid:gen49bifolioimgs.gen49-72v-73r@0.1171,0.6061,0.6897,0.0402"
urn:cts:latinLit:stoa0162.stoa005.gen49:15.t3.15,"urn:cite:hcmid:gen49bifolioimgs.gen49-72v-73r@0.1111,0.6338,0.0871,0.0264"
urn:cts:latinLit:stoa0162.stoa005.gen49:15.t3.15_1,"urn:cite:hcmid:gen49bifolioimgs.gen49-72v-73r@0.1171,0.6477,0.8599,0.0402"
urn:cts:latinLit:stoa0162.stoa005.gen49:15.t3.15_2,"urn:cite:hcmid:gen49bifolioimgs.gen49-72v-73r@0.1221,0.6796,0.6857,0.0305"
urn:cts:latinLit:stoa0162.stoa005.gen49:15.t3.15_3,"urn:cite:hcmid:gen49bifolioimgs.gen49-72v-73r@0.1241,0.706,0.6857,0.0277"
urn:cts:latinLit:stoa0162.stoa005.gen49:15.t3.15_header_3,"urn:cite:hcmid:gen49bifolioimgs.gen49-73v-74r@0.0991,0.0153,0.8829,0.1028"
urn:cts:latinLit:stoa0162.stoa005.gen49:15.t3.15_4,"urn:cite:hcmid:gen49bifolioimgs.gen49-73v-74r@0.1121,0.1097,0.7387,0.0667"
urn:cts:latinLit:stoa0162.stoa005.gen49:15.t3.16,"urn:cite:hcmid:gen49bifolioimgs.gen49-73v-74r@0.1151,0.1319,0.2713,0.0444"
urn:cts:latinLit:stoa0162.stoa005.gen49:15.t3.16_1,"urn:cite:hcmid:gen49bifolioimgs.gen49-73v-74r@0.1151,0.1417,0.7097,0.1625"
urn:cts:latinLit:stoa0162.stoa005.gen49:15.t3.16_2,"urn:cite:hcmid:gen49bifolioimgs.gen49-73v-74r@0.1161,0.1861,0.7037,0.0417"
urn:cts:latinLit:stoa0162.stoa005.gen49:15.t3.16_2_r1,"urn:cite:hcmid:gen49bifolioimgs.gen49-73v-74r@0.5676,0.2125,0.1682,0.0375"
urn:cts:latinLit:stoa0162.stoa005.gen49:15.t3.16_3,"urn:cite:hcmid:gen49bifolioimgs.gen49-73v-74r@0.1161,0.2375,0.7017,0.1861"
urn:cts:latinLit:stoa0162.stoa005.gen49:15.t3.16_3_r1,"urn:cite:hcmid:gen49bifolioimgs.gen49-73v-74r@0.3383,0.2556,0.1481,0.0431"
urn:cts:latinLit:stoa0162.stoa005.gen49:15.t3.16_4,"urn:cite:hcmid:gen49bifolioimgs.gen49-73v-74r@0.1091,0.2861,0.7137,0.0486"
urn:cts:latinLit:stoa0162.stoa005.gen49:15.t3.17,"urn:cite:hcmid:gen49bifolioimgs.gen49-73v-74r@0.1191,0.3069,0.7868,0.0431"
urn:cts:latinLit:stoa0162.stoa005.gen49:15.t3.17_1,"urn:cite:hcmid:gen49bifolioimgs.gen49-73v-74r@0.1201,0.3389,0.7748,0.0736"
urn:cts:latinLit:stoa0162.stoa005.gen49:15.t3.17_2,"urn:cite:hcmid:gen49bifolioimgs.gen49-73v-74r@0.1161,0.3889,0.6977,0.0236"
urn:cts:latinLit:stoa0162.stoa005.gen49:15.t3.17_3,"urn:cite:hcmid:gen49bifolioimgs.gen49-73v-74r@0.1191,0.4056,0.8649,0.05"
urn:cts:latinLit:stoa0162.stoa005.gen49:15.t3.17_4,"urn:cite:hcmid:gen49bifolioimgs.gen49-73v-74r@0.1201,0.4403,0.7037,0.0375"
urn:cts:latinLit:stoa0162.stoa005.gen49:15.t3.18,"urn:cite:hcmid:gen49bifolioimgs.gen49-73v-74r@0.1211,0.4653,0.0781,0.025"
urn:cts:latinLit:stoa0162.stoa005.gen49:15.t3.18_r1,"urn:cite:hcmid:gen49bifolioimgs.gen49-73v-74r@0.1011,0.4847,0.1852,0.0597"
urn:cts:latinLit:stoa0162.stoa005.gen49:15.t3.18_1,"urn:cite:hcmid:gen49bifolioimgs.gen49-73v-74r@0.1171,0.5528,0.7037,0.05"
urn:cts:latinLit:stoa0162.stoa005.gen49:15.t3.18_2,"urn:cite:hcmid:gen49bifolioimgs.gen49-73v-74r@0.1171,0.5792,0.7037,0.0264"
urn:cts:latinLit:stoa0162.stoa005.gen49:15.t3.18_3,"urn:cite:hcmid:gen49bifolioimgs.gen49-73v-74r@0.1191,0.5986,0.7037,0.0264"
urn:cts:latinLit:stoa0162.stoa005.gen49:15.t3.18_4,"urn:cite:hcmid:gen49bifolioimgs.gen49-73v-74r@0.1181,0.6264,0.7077,0.0264"
urn:cts:latinLit:stoa0162.stoa005.gen49:15.t3.19,"urn:cite:hcmid:gen49bifolioimgs.gen49-73v-74r@0.1191,0.6528,0.0751,0.0264"
urn:cts:latinLit:stoa0162.stoa005.gen49:15.t3.19_1,"urn:cite:hcmid:gen49bifolioimgs.gen49-73v-74r@0.1181,0.675,0.7027,0.0264"
urn:cts:latinLit:stoa0162.stoa005.gen49:15.t3.19_1_r1,"urn:cite:hcmid:gen49bifolioimgs.gen49-73v-74r@0.3544,0.6986,0.1191,0.0403"
urn:cts:latinLit:stoa0162.stoa005.gen49:15.t3.19_2,"urn:cite:hcmid:gen49bifolioimgs.gen49-73v-74r@0.1161,0.7278,0.7217,0.0236"
urn:cts:latinLit:stoa0162.stoa005.gen49:15.t3.header_4,"urn:cite:hcmid:gen49bifolioimgs.gen49-74v-75r@0.0691,0.0014,0.8889,0.1094"
urn:cts:latinLit:stoa0162.stoa005.gen49:15.t3.19_3,"urn:cite:hcmid:gen49bifolioimgs.gen49-74v-75r@0.1111,0.108,0.6997,0.0235"
urn:cts:latinLit:stoa0162.stoa005.gen49:15.t3.19_4,"urn:cite:hcmid:gen49bifolioimgs.gen49-74v-75r@0.1081,0.1343,0.7087,0.0263"
urn:cts:latinLit:stoa0162.stoa005.gen49:15.t3.20,"urn:cite:hcmid:gen49bifolioimgs.gen49-74v-75r@0.1111,0.1607,0.0751,0.0263"
urn:cts:latinLit:stoa0162.stoa005.gen49:15.t3.20_1,"urn:cite:hcmid:gen49bifolioimgs.gen49-74v-75r@0.1111,0.1676,0.8218,0.0485"
urn:cts:latinLit:stoa0162.stoa005.gen49:15.t3.20_1_r1,"urn:cite:hcmid:gen49bifolioimgs.gen49-74v-75r@0.2553,0.2036,0.1091,0.0429"
urn:cts:latinLit:stoa0162.stoa005.gen49:15.t3.20_2,"urn:cite:hcmid:gen49bifolioimgs.gen49-74v-75r@0.1131,0.2327,0.7087,0.0346"
urn:cts:latinLit:stoa0162.stoa005.gen49:15.t3.20_3,"urn:cite:hcmid:gen49bifolioimgs.gen49-74v-75r@0.1101,0.2535,0.7017,0.0512"
urn:cts:latinLit:stoa0162.stoa005.gen49:15.t3.20_4,"urn:cite:hcmid:gen49bifolioimgs.gen49-74v-75r@0.1141,0.2812,0.7017,0.0291"
urn:cts:latinLit:stoa0162.stoa005.gen49:15.t3.21,"urn:cite:hcmid:gen49bifolioimgs.gen49-74v-75r@0.1071,0.3102,0.0661,0.0291"
urn:cts:latinLit:stoa0162.stoa005.gen49:15.t3.20_4,"urn:cite:hcmid:gen49bifolioimgs.gen49-74v-75r@0.1141,0.2812,0.7017,0.0291"
urn:cts:latinLit:stoa0162.stoa005.gen49:15.t3.21_1,"urn:cite:hcmid:gen49bifolioimgs.gen49-74v-75r@0.1131,0.3283,0.7087,0.0374"
urn:cts:latinLit:stoa0162.stoa005.gen49:15.t3.21_2,"urn:cite:hcmid:gen49bifolioimgs.gen49-74v-75r@0.1121,0.3546,0.7107,0.0291"
urn:cts:latinLit:stoa0162.stoa005.gen49:15.t3.21_3,"urn:cite:hcmid:gen49bifolioimgs.gen49-74v-75r@0.1121,0.3753,0.7107,0.0568"
urn:cts:latinLit:stoa0162.stoa005.gen49:15.t3.21_3_r1,"urn:cite:hcmid:gen49bifolioimgs.gen49-74v-75r@0.3413,0.4003,0.1201,0.0374"
urn:cts:latinLit:stoa0162.stoa005.gen49:15.t3.21_4,"urn:cite:hcmid:gen49bifolioimgs.gen49-74v-75r@0.1081,0.4294,0.7047,0.0305"
urn:cts:latinLit:stoa0162.stoa005.gen49:15.t3.22,"urn:cite:hcmid:gen49bifolioimgs.gen49-74v-75r@0.1101,0.4404,0.7758,0.0679"
urn:cts:latinLit:stoa0162.stoa005.gen49:15.t3.22_1,"urn:cite:hcmid:gen49bifolioimgs.gen49-74v-75r@0.1101,0.4792,0.7758,0.0416"
urn:cts:latinLit:stoa0162.stoa005.gen49:15.t3.22_2,"urn:cite:hcmid:gen49bifolioimgs.gen49-74v-75r@0.1091,0.5055,0.7758,0.0319"
urn:cts:latinLit:stoa0162.stoa005.gen49:15.t3.22_3,"urn:cite:hcmid:gen49bifolioimgs.gen49-74v-75r@0.1111,0.518,0.8308,0.0429"
urn:cts:latinLit:stoa0162.stoa005.gen49:15.t3.22_4,"urn:cite:hcmid:gen49bifolioimgs.gen49-74v-75r@0.1101,0.5526,0.8308,0.0319"
urn:cts:latinLit:stoa0162.stoa005.gen49:15.t3.23,"urn:cite:hcmid:gen49bifolioimgs.gen49-74v-75r@0.1081,0.5803,0.0761,0.0319"
urn:cts:latinLit:stoa0162.stoa005.gen49:15.t3.23_1,"urn:cite:hcmid:gen49bifolioimgs.gen49-74v-75r@0.1081,0.5928,0.7007,0.0471"
urn:cts:latinLit:stoa0162.stoa005.gen49:15.t3.23_2,"urn:cite:hcmid:gen49bifolioimgs.gen49-74v-75r@0.1111,0.626,0.6997,0.0291"
urn:cts:latinLit:stoa0162.stoa005.gen49:15.t3.23_3,"urn:cite:hcmid:gen49bifolioimgs.gen49-74v-75r@0.1131,0.6496,0.7017,0.0332"
urn:cts:latinLit:stoa0162.stoa005.gen49:15.t3.23_4,"urn:cite:hcmid:gen49bifolioimgs.gen49-74v-75r@0.1111,0.6745,0.7057,0.0346"
urn:cts:latinLit:stoa0162.stoa005.gen49:15.t3.24,"urn:cite:hcmid:gen49bifolioimgs.gen49-74v-75r@0.1111,0.6925,0.7057,0.0457"
urn:cts:latinLit:stoa0162.stoa005.gen49:15.t3.header_5,"urn:cite:hcmid:gen49bifolioimgs.gen49-75v-76r@0.0861,0.0069,0.8839,0.1111"
urn:cts:latinLit:stoa0162.stoa005.gen49:15.t3.24_1,"urn:cite:hcmid:gen49bifolioimgs.gen49-75v-76r@0.1161,0.1125,0.7017,0.0194"
urn:cts:latinLit:stoa162.stoa005.gen49:15.t3.24_2,"urn:cite:hcmid:gen49bifolioimgs.gen49-75v-76r@0.1161,0.1389,0.7017,0.2"
urn:cts:latinLit:stoa162.stoa005.gen49:15.t3.24_3,"urn:cite:hcmid:gen49bifolioimgs.gen49-75v-76r@0.1151,0.1611,0.7017,0.0264"
urn:cts:latinLit:stoa162.stoa005.gen49:15.t3.24_4,"urn:cite:hcmid:gen49bifolioimgs.gen49-75v-76r@0.1141,0.1861,0.7017,0.0264"
urn:cts:latinLit:stoa162.stoa005.gen49:15.t3.25,"urn:cite:hcmid:gen49bifolioimgs.gen49-75v-76r@0.1141,0.2014,0.7768,0.0375"
urn:cts:latinLit:stoa162.stoa005.gen49:15.t3.25_1,"urn:cite:hcmid:gen49bifolioimgs.gen49-75v-76r@0.1111,0.225,0.8348,0.0389"
urn:cts:latinLit:stoa162.stoa005.gen49:15.t3.25_2,"urn:cite:hcmid:gen49bifolioimgs.gen49-75v-76r@0.1141,0.2625,0.8348,0.0264"
urn:cts:latinLit:stoa162.stoa005.gen49:15.t3.25_3,"urn:cite:hcmid:gen49bifolioimgs.gen49-75v-76r@0.1171,0.2861,0.8348,0.0264"
urn:cts:latinLit:stoa162.stoa005.gen49:15.t3.25_4,"urn:cite:hcmid:gen49bifolioimgs.gen49-75v-76r@0.1111,0.3097,0.8348,0.0264"
urn:cts:latinLit:stoa162.stoa005.gen49:15.t3.26,"urn:cite:hcmid:gen49bifolioimgs.gen49-75v-76r@0.1161,0.3361,0.3664,0.0778"
urn:cts:latinLit:stoa0162.stoa005.gen49:15.t3.26_1,"urn:cite:hcmid:gen49bifolioimgs.gen49-75v-76r@0.1171,0.3583,0.7197,0.0236"
urn:cts:latinLit:stoa0162.stoa005.gen49:15.t3.26_2,"urn:cite:hcmid:gen49bifolioimgs.gen49-75v-76r@0.1171,0.3819,0.7147,0.0292"
urn:cts:latinLit:stoa0162.stoa005.gen49:15.t3.26_3,"urn:cite:hcmid:gen49bifolioimgs.gen49-75v-76r@0.1141,0.4069,0.7097,0.0278"
urn:cts:latinLit:stoa0162.stoa005.gen49:15.t3.26_3_r1,"urn:cite:hcmid:gen49bifolioimgs.gen49-75v-76r@0.5986,0.4194,0.2883,0.0458"
urn:cts:latinLit:stoa0162.stoa005.gen49:15.t3.26_4,"urn:cite:hcmid:gen49bifolioimgs.gen49-75v-76r@0.1161,0.4583,0.7838,0.0569"
urn:cts:latinLit:stoa0162.stoa005.gen49:15.t3.27,"urn:cite:hcmid:gen49bifolioimgs.gen49-75v-76r@0.1091,0.4875,0.0851,0.0264"
urn:cts:latinLit:stoa0162.stoa005.gen49:15.t3.27_1,"urn:cite:hcmid:gen49bifolioimgs.gen49-75v-76r@0.1141,0.4958,0.7067,0.0625"
urn:cts:latinLit:stoa0162.stoa005.gen49:15.t3.27_2,"urn:cite:hcmid:gen49bifolioimgs.gen49-75v-76r@0.1141,0.5347,0.7177,0.0403"
urn:cts:latinLit:stoa0162.stoa005.gen49:15.t3.27_3,"urn:cite:hcmid:gen49bifolioimgs.gen49-75v-76r@0.1161,0.5472,0.8659,0.0361"
urn:cts:latinLit:stoa0162.stoa005.gen49:15.t3.27_4,"urn:cite:hcmid:gen49bifolioimgs.gen49-75v-76r@0.1161,0.5792,0.7077,0.0306"
urn:cts:latinLit:stoa0162.stoa005.gen49:15.t3.28,"urn:cite:hcmid:gen49bifolioimgs.gen49-75v-76r@0.1181,0.6083,0.0831,0.0236"
urn:cts:latinLit:stoa0162.stoa005.gen49:15.t3.28_1,"urn:cite:hcmid:gen49bifolioimgs.gen49-75v-76r@0.1121,0.6167,0.7127,0.0625"
urn:cts:latinLit:stoa0162.stoa005.gen49:15.t3.28_1_r1,"urn:cite:hcmid:gen49bifolioimgs.gen49-75v-76r@0.7728,0.6403,0.1481,0.0403"
urn:cts:latinLit:stoa0162.stoa005.gen49:15.t3.28_2,"urn:cite:hcmid:gen49bifolioimgs.gen49-75v-76r@0.1161,0.6792,0.7487,0.0306"
urn:cts:latinLit:stoa0162.stoa005.gen49:15.t3.28_3,"urn:cite:hcmid:gen49bifolioimgs.gen49-75v-76r@0.1121,0.7056,0.7087,0.0292"
urn:cts:latinLit:stoa0162.stoa005.gen49:16.t1.header_1,"urn:cite:hcmid:gen49bifolioimgs.gen49-76v-77r@0.0961,0.0263,0.8649,0.0886"
urn:cts:latinLit:stoa0162.stoa005.gen49:16.t1.28_4,"urn:cite:hcmid:gen49bifolioimgs.gen49-76v-77r@0.1121,0.115,0.8649,0.0277"
urn:cts:latinLit:stoa0162.stoa005.gen49:16.t1.29,"urn:cite:hcmid:gen49bifolioimgs.gen49-76v-77r@0.1121,0.1427,0.0711,0.0277"
urn:cts:latinLit:stoa0162.stoa005.gen49:16.t1.29_1,"urn:cite:hcmid:gen49bifolioimgs.gen49-76v-77r@0.1141,0.1662,0.6957,0.0374"
urn:cts:latinLit:stoa0162.stoa005.gen49:16.t1.29_1_r1,"urn:cite:hcmid:gen49bifolioimgs.gen49-76v-77r@0.2573,0.1828,0.2102,0.0374"
urn:cts:latinLit:stoa0162.stoa005.gen49:16.t1.29_2,"urn:cite:hcmid:gen49bifolioimgs.gen49-76v-77r@0.1161,0.2161,0.6927,0.0471"
urn:cts:latinLit:stoa0162.stoa005.gen49:16.t1.29_3,"urn:cite:hcmid:gen49bifolioimgs.gen49-76v-77r@0.1181,0.2396,0.6947,0.0263"
urn:cts:latinLit:stoa0162.stoa005.gen49:16.t1.29_4,"urn:cite:hcmid:gen49bifolioimgs.gen49-76v-77r@0.1181,0.2632,0.6947,0.0263"
urn:cts:latinLit:stoa0162.stoa005.gen49:16.t1.30,"urn:cite:hcmid:gen49bifolioimgs.gen49-76v-77r@0.1101,0.2895,0.0661,0.0263"
urn:cts:latinLit:stoa0162.stoa005.gen49:16.t1.30_1,"urn:cite:hcmid:gen49bifolioimgs.gen49-76v-77r@0.1161,0.3061,0.8378,0.0346"
urn:cts:latinLit:stoa0162.stoa005.gen49:16.t1.30_1_r1,"urn:cite:hcmid:gen49bifolioimgs.gen49-76v-77r@0.7628,0.3296,0.1361,0.0416"
urn:cts:latinLit:stoa0162.stoa005.gen49:16.t1.30_2,"urn:cite:hcmid:gen49bifolioimgs.gen49-76v-77r@0.1151,0.3629,0.6867,0.0332"
urn:cts:latinLit:stoa0162.stoa005.gen49:16.t1.30_3,"urn:cite:hcmid:gen49bifolioimgs.gen49-76v-77r@0.1161,0.3864,0.6867,0.0263"
urn:cts:latinLit:stoa0162.stoa005.gen49:16.t1.30_3_r1,"urn:cite:hcmid:gen49bifolioimgs.gen49-76v-77r@0.1772,0.4072,0.2072,0.0305"
urn:cts:latinLit:stoa0162.stoa005.gen49:16.t1.30_4,"urn:cite:hcmid:gen49bifolioimgs.gen49-76v-77r@0.1151,0.4307,0.6927,0.0706"
urn:cts:latinLit:stoa0162.stoa005.gen49:16.t1.31,"urn:cite:hcmid:gen49bifolioimgs.gen49-76v-77r@0.1151,0.464,0.0661,0.0291"
urn:cts:latinLit:stoa0162.stoa005.gen49:16.t1.31_1,"urn:cite:hcmid:gen49bifolioimgs.gen49-76v-77r@0.1141,0.4848,0.6937,0.0277"
urn:cts:latinLit:stoa0162.stoa005.gen49:16.t1.31_2,"urn:cite:hcmid:gen49bifolioimgs.gen49-76v-77r@0.1131,0.5083,0.6937,0.0596"
urn:cts:latinLit:stoa0162.stoa005.gen49:16.t1.31_2_r1,"urn:cite:hcmid:gen49bifolioimgs.gen49-76v-77r@0.0981,0.5291,0.1491,0.0443"
urn:cts:latinLit:stoa0162.stoa005.gen49:16.t1.31_3,"urn:cite:hcmid:gen49bifolioimgs.gen49-76v-77r@0.1141,0.5568,0.6927,0.0291"
urn:cts:latinLit:stoa0162.stoa005.gen49:16.t1.31_4,"urn:cite:hcmid:gen49bifolioimgs.gen49-76v-77r@0.1171,0.5817,0.6957,0.0374"
urn:cts:latinLit:stoa0162.stoa005.gen49:16.t1.32,"urn:cite:hcmid:gen49bifolioimgs.gen49-76v-77r@0.1141,0.6094,0.0661,0.0305"
urn:cts:latinLit:stoa0162.stoa005.gen49:16.t1.32_1,"urn:cite:hcmid:gen49bifolioimgs.gen49-76v-77r@0.1151,0.6288,0.6997,0.0332"
urn:cts:latinLit:stoa0162.stoa005.gen49:16.t1.32_2,"urn:cite:hcmid:gen49bifolioimgs.gen49-76v-77r@0.1131,0.6551,0.6997,0.0235"
urn:cts:latinLit:stoa0162.stoa005.gen49:16.t1.32_3,"urn:cite:hcmid:gen49bifolioimgs.gen49-76v-77r@0.1151,0.6704,0.8118,0.0346"
urn:cts:latinLit:stoa0162.stoa005.gen49:16.t1.32_4,"urn:cite:hcmid:gen49bifolioimgs.gen49-76v-77r@0.1151,0.7022,0.6937,0.0305"
urn:cts:latinLit:stoa0162.stoa005.gen49:16.t1.header_2,"urn:cite:hcmid:gen49bifolioimgs.gen49-77v-78r@0.0881,0.0098,0.8749,0.0954"
urn:cts:latinLit:stoa0162.stoa005.gen49:16.t1.33,"urn:cite:hcmid:gen49bifolioimgs.gen49-77v-78r@0.1181,0.1052,0.0821,0.0266"
urn:cts:latinLit:stoa0162.stoa005.gen49:16.t1.33_1,"urn:cite:hcmid:gen49bifolioimgs.gen49-77v-78r@0.1181,0.1304,0.6947,0.0266"
urn:cts:latinLit:stoa0162.stoa005.gen49:16.t1.33_2,"urn:cite:hcmid:gen49bifolioimgs.gen49-77v-78r@0.1181,0.1557,0.6977,0.0266"
urn:cts:latinLit:stoa0162.stoa005.gen49:16.t1.33_2_r1,"urn:cite:hcmid:gen49bifolioimgs.gen49-77v-78r@0.5185,0.1767,0.1752,0.0266"
urn:cts:latinLit:stoa0162.stoa005.gen49:16.t1.33_3,"urn:cite:hcmid:gen49bifolioimgs.gen49-77v-78r@0.1141,0.2104,0.7047,0.0266"
urn:cts:latinLit:stoa0162.stoa005.gen49:16.t1.33_3_r1,"urn:cite:hcmid:gen49bifolioimgs.gen49-77v-78r@0.1782,0.2272,0.1662,0.0421"
urn:cts:latinLit:stoa0162.stoa005.gen49:16.t1.33_4,"urn:cite:hcmid:gen49bifolioimgs.gen49-77v-78r@0.1171,0.2567,0.6997,0.0295"
urn:cts:latinLit:stoa0162.stoa005.gen49:16.t1.34,"urn:cite:hcmid:gen49bifolioimgs.gen49-77v-78r@0.1161,0.2819,0.0701,0.0295"
urn:cts:latinLit:stoa0162.stoa005.gen49:16.t1.34_1,"urn:cite:hcmid:gen49bifolioimgs.gen49-77v-78r@0.1161,0.3058,0.6997,0.0365"
urn:cts:latinLit:stoa0162.stoa005.gen49:16.t1.34_2,"urn:cite:hcmid:gen49bifolioimgs.gen49-77v-78r@0.1171,0.3282,0.6997,0.0365"
urn:cts:latinLit:stoa0162.stoa005.gen49:16.t1.34_3,"urn:cite:hcmid:gen49bifolioimgs.gen49-77v-78r@0.1191,0.3534,0.6997,0.0281"
urn:cts:latinLit:stoa0162.stoa005.gen49:16.t1.34_3_r1,"urn:cite:hcmid:gen49bifolioimgs.gen49-77v-78r@0.6046,0.3717,0.1712,0.0449"
urn:cts:latinLit:stoa0162.stoa005.gen49:16.t1.34_4,"urn:cite:hcmid:gen49bifolioimgs.gen49-77v-78r@0.1161,0.3969,0.6967,0.0575"
urn:cts:latinLit:stoa0162.stoa005.gen49:16.t1.35,"urn:cite:hcmid:gen49bifolioimgs.gen49-77v-78r@0.1081,0.4362,0.0811,0.0238"
urn:cts:latinLit:stoa0162.stoa005.gen49:16.t1.35_1,"urn:cite:hcmid:gen49bifolioimgs.gen49-77v-78r@0.1101,0.4488,0.8418,0.0351"
urn:cts:latinLit:stoa0162.stoa005.gen49:16.t1.35_2,"urn:cite:hcmid:gen49bifolioimgs.gen49-77v-78r@0.1131,0.4783,0.7007,0.0295"
urn:cts:latinLit:stoa0162.stoa005.gen49:16.t1.35_3,"urn:cite:hcmid:gen49bifolioimgs.gen49-77v-78r@0.1131,0.5049,0.7067,0.0365"
urn:cts:latinLit:stoa0162.stoa005.gen49:16.t1.35_4,"urn:cite:hcmid:gen49bifolioimgs.gen49-77v-78r@0.1181,0.5316,0.7017,0.0295"
urn:cts:latinLit:stoa0162.stoa005.gen49:16.t1.36,"urn:cite:hcmid:gen49bifolioimgs.gen49-77v-78r@0.1161,0.5624,0.0661,0.0252"
urn:cts:latinLit:stoa0162.stoa005.gen49:16.t1.36_1,"urn:cite:hcmid:gen49bifolioimgs.gen49-77v-78r@0.1151,0.5792,0.7277,0.0281"
urn:cts:latinLit:stoa0162.stoa005.gen49:16.t1.36_2,"urn:cite:hcmid:gen49bifolioimgs.gen49-77v-78r@0.1141,0.6045,0.7137,0.0309"
urn:cts:latinLit:stoa0162.stoa005.gen49:16.t1.36_3,"urn:cite:hcmid:gen49bifolioimgs.gen49-77v-78r@0.1151,0.6283,0.7127,0.0449"
urn:cts:latinLit:stoa0162.stoa005.gen49:16.t1.36_4,"urn:cite:hcmid:gen49bifolioimgs.gen49-77v-78r@0.1161,0.6522,0.7147,0.0421"
urn:cts:latinLit:stoa0162.stoa005.gen49:16.t1.37,"urn:cite:hcmid:gen49bifolioimgs.gen49-77v-78r@0.1111,0.683,0.0781,0.0281"
urn:cts:latinLit:stoa0162.stoa005.gen49:16.t1.38_1,"urn:cite:hcmid:gen49bifolioimgs.gen49-77v-78r@0.1131,0.6999,0.7187,0.0421"
urn:cts:latinLit:stoa0162.stoa005.gen49:16.t1.header_3,"urn:cite:hcmid:gen49bifolioimgs.gen49-78v-79r@0.0871,0.0221,0.8579,0.0953"
urn:cts:latinLit:stoa0162.stoa005.gen49:16.t1.38_2,"urn:cite:hcmid:gen49bifolioimgs.gen49-78v-79r@0.1211,0.1133,0.8579,0.0262"
urn:cts:latinLit:stoa0162.stoa005.gen49:16.t1.38_2_r1,"urn:cite:hcmid:gen49bifolioimgs.gen49-78v-79r@0.1001,0.1381,0.1852,0.029"
