Image,Caption,Rights
urn:cite:hcmid:gen49bifolioimgs.gen49_1v_2r,"Genève, Bibliothèque de Genève, Ms. lat. 49, bifolio spread of folios 1 verso and 2 recto","This image is a composite created from images made available under the terms of a Creative Commons license (CC BY-NC 3.0).  Any reuse must include the following attribution: Genève, Bibliothèque de Genève, Ms. lat. 49, f. 1r  and 2v (www.e-codices.unifr.ch)."
urn:cite:hcmid:gen49bifolioimgs.gen49_2v_3r,"Genève, Bibliothèque de Genève, Ms. lat. 49, bifolio spread of folios 2 verso and 3 recto","This image is a composite created from images made available under the terms of a Creative Commons license (CC BY-NC 3.0).  Any reuse must include the following attribution: Genève, Bibliothèque de Genève, Ms. lat. 49, f. 2r  and 3v (www.e-codices.unifr.ch)."
urn:cite:hcmid:gen49bifolioimgs.gen49_3v_3ar,"Genève, Bibliothèque de Genève, Ms. lat. 49, bifolio spread of folios 3 verso and 3a recto","This image is a composite created from images made available under the terms of a Creative Commons license (CC BY-NC 3.0).  Any reuse must include the following attribution: Genève, Bibliothèque de Genève, Ms. lat. 49, f. 3r  and 3av (www.e-codices.unifr.ch)."
urn:cite:hcmid:gen49bifolioimgs.gen49_3av_4r,"Genève, Bibliothèque de Genève, Ms. lat. 49, bifolio spread of folios 3a verso and 4 recto","This image is a composite created from images made available under the terms of a Creative Commons license (CC BY-NC 3.0).  Any reuse must include the following attribution: Genève, Bibliothèque de Genève, Ms. lat. 49, f. 3ar  and 4v (www.e-codices.unifr.ch)."
urn:cite:hcmid:gen49bifolioimgs.gen49_4v_5r,"Genève, Bibliothèque de Genève, Ms. lat. 49, bifolio spread of folios 4 verso and 5 recto","This image is a composite created from images made available under the terms of a Creative Commons license (CC BY-NC 3.0).  Any reuse must include the following attribution: Genève, Bibliothèque de Genève, Ms. lat. 49, f. 4r  and 5v (www.e-codices.unifr.ch)."
urn:cite:hcmid:gen49bifolioimgs.gen49_5v_6r,"Genève, Bibliothèque de Genève, Ms. lat. 49, bifolio spread of folios 5 verso and 6 recto","This image is a composite created from images made available under the terms of a Creative Commons license (CC BY-NC 3.0).  Any reuse must include the following attribution: Genève, Bibliothèque de Genève, Ms. lat. 49, f. 5r  and 6v (www.e-codices.unifr.ch)."
urn:cite:hcmid:gen49bifolioimgs.gen49_6v_7r,"Genève, Bibliothèque de Genève, Ms. lat. 49, bifolio spread of folios 6 verso and 7 recto","This image is a composite created from images made available under the terms of a Creative Commons license (CC BY-NC 3.0).  Any reuse must include the following attribution: Genève, Bibliothèque de Genève, Ms. lat. 49, f. 6r  and 7v (www.e-codices.unifr.ch)."
urn:cite:hcmid:gen49bifolioimgs.gen49_7v_8r,"Genève, Bibliothèque de Genève, Ms. lat. 49, bifolio spread of folios 7 verso and 8 recto","This image is a composite created from images made available under the terms of a Creative Commons license (CC BY-NC 3.0).  Any reuse must include the following attribution: Genève, Bibliothèque de Genève, Ms. lat. 49, f. 7r  and 8v (www.e-codices.unifr.ch)."
urn:cite:hcmid:gen49bifolioimgs.gen49_8v_9r,"Genève, Bibliothèque de Genève, Ms. lat. 49, bifolio spread of folios 8 verso and 9 recto","This image is a composite created from images made available under the terms of a Creative Commons license (CC BY-NC 3.0).  Any reuse must include the following attribution: Genève, Bibliothèque de Genève, Ms. lat. 49, f. 8r  and 9v (www.e-codices.unifr.ch)."
urn:cite:hcmid:gen49bifolioimgs.gen49_9v_10r,"Genève, Bibliothèque de Genève, Ms. lat. 49, bifolio spread of folios 9 verso and 10 recto","This image is a composite created from images made available under the terms of a Creative Commons license (CC BY-NC 3.0).  Any reuse must include the following attribution: Genève, Bibliothèque de Genève, Ms. lat. 49, f. 9r  and 10v (www.e-codices.unifr.ch)."
urn:cite:hcmid:gen49bifolioimgs.gen49_10v_11r,"Genève, Bibliothèque de Genève, Ms. lat. 49, bifolio spread of folios 10 verso and 11 recto","This image is a composite created from images made available under the terms of a Creative Commons license (CC BY-NC 3.0).  Any reuse must include the following attribution: Genève, Bibliothèque de Genève, Ms. lat. 49, f. 10r  and 11v (www.e-codices.unifr.ch)."
urn:cite:hcmid:gen49bifolioimgs.gen49_11v_12r,"Genève, Bibliothèque de Genève, Ms. lat. 49, bifolio spread of folios 11 verso and 12 recto","This image is a composite created from images made available under the terms of a Creative Commons license (CC BY-NC 3.0).  Any reuse must include the following attribution: Genève, Bibliothèque de Genève, Ms. lat. 49, f. 11r  and 12v (www.e-codices.unifr.ch)."
urn:cite:hcmid:gen49bifolioimgs.gen49_12v_13r,"Genève, Bibliothèque de Genève, Ms. lat. 49, bifolio spread of folios 12 verso and 13 recto","This image is a composite created from images made available under the terms of a Creative Commons license (CC BY-NC 3.0).  Any reuse must include the following attribution: Genève, Bibliothèque de Genève, Ms. lat. 49, f. 12r  and 13v (www.e-codices.unifr.ch)."
urn:cite:hcmid:gen49bifolioimgs.gen49_13v_14r,"Genève, Bibliothèque de Genève, Ms. lat. 49, bifolio spread of folios 13 verso and 14 recto","This image is a composite created from images made available under the terms of a Creative Commons license (CC BY-NC 3.0).  Any reuse must include the following attribution: Genève, Bibliothèque de Genève, Ms. lat. 49, f. 13r  and 14v (www.e-codices.unifr.ch)."
urn:cite:hcmid:gen49bifolioimgs.gen49_14v_15r,"Genève, Bibliothèque de Genève, Ms. lat. 49, bifolio spread of folios 14 verso and 15 recto","This image is a composite created from images made available under the terms of a Creative Commons license (CC BY-NC 3.0).  Any reuse must include the following attribution: Genève, Bibliothèque de Genève, Ms. lat. 49, f. 14r  and 15v (www.e-codices.unifr.ch)."
urn:cite:hcmid:gen49bifolioimgs.gen49_15v_16r,"Genève, Bibliothèque de Genève, Ms. lat. 49, bifolio spread of folios 15 verso and 16 recto","This image is a composite created from images made available under the terms of a Creative Commons license (CC BY-NC 3.0).  Any reuse must include the following attribution: Genève, Bibliothèque de Genève, Ms. lat. 49, f. 15r  and 16v (www.e-codices.unifr.ch)."
urn:cite:hcmid:gen49bifolioimgs.gen49_16v_17r,"Genève, Bibliothèque de Genève, Ms. lat. 49, bifolio spread of folios 16 verso and 17 recto","This image is a composite created from images made available under the terms of a Creative Commons license (CC BY-NC 3.0).  Any reuse must include the following attribution: Genève, Bibliothèque de Genève, Ms. lat. 49, f. 16r  and 17v (www.e-codices.unifr.ch)."
urn:cite:hcmid:gen49bifolioimgs.gen49_17v_18r,"Genève, Bibliothèque de Genève, Ms. lat. 49, bifolio spread of folios 17 verso and 18 recto","This image is a composite created from images made available under the terms of a Creative Commons license (CC BY-NC 3.0).  Any reuse must include the following attribution: Genève, Bibliothèque de Genève, Ms. lat. 49, f. 17r  and 18v (www.e-codices.unifr.ch)."
urn:cite:hcmid:gen49bifolioimgs.gen49_18v_19r,"Genève, Bibliothèque de Genève, Ms. lat. 49, bifolio spread of folios 18 verso and 19 recto","This image is a composite created from images made available under the terms of a Creative Commons license (CC BY-NC 3.0).  Any reuse must include the following attribution: Genève, Bibliothèque de Genève, Ms. lat. 49, f. 18r  and 19v (www.e-codices.unifr.ch)."
urn:cite:hcmid:gen49bifolioimgs.gen49_19v_20r,"Genève, Bibliothèque de Genève, Ms. lat. 49, bifolio spread of folios 19 verso and 20 recto","This image is a composite created from images made available under the terms of a Creative Commons license (CC BY-NC 3.0).  Any reuse must include the following attribution: Genève, Bibliothèque de Genève, Ms. lat. 49, f. 19r  and 20v (www.e-codices.unifr.ch)."
urn:cite:hcmid:gen49bifolioimgs.gen49_20v_21r,"Genève, Bibliothèque de Genève, Ms. lat. 49, bifolio spread of folios 20 verso and 21 recto","This image is a composite created from images made available under the terms of a Creative Commons license (CC BY-NC 3.0).  Any reuse must include the following attribution: Genève, Bibliothèque de Genève, Ms. lat. 49, f. 20r  and 21v (www.e-codices.unifr.ch)."
urn:cite:hcmid:gen49bifolioimgs.gen49_21v_22r,"Genève, Bibliothèque de Genève, Ms. lat. 49, bifolio spread of folios 21 verso and 22 recto","This image is a composite created from images made available under the terms of a Creative Commons license (CC BY-NC 3.0).  Any reuse must include the following attribution: Genève, Bibliothèque de Genève, Ms. lat. 49, f. 21r  and 22v (www.e-codices.unifr.ch)."
urn:cite:hcmid:gen49bifolioimgs.gen49_22v_23r,"Genève, Bibliothèque de Genève, Ms. lat. 49, bifolio spread of folios 22 verso and 23 recto","This image is a composite created from images made available under the terms of a Creative Commons license (CC BY-NC 3.0).  Any reuse must include the following attribution: Genève, Bibliothèque de Genève, Ms. lat. 49, f. 22r  and 23v (www.e-codices.unifr.ch)."
urn:cite:hcmid:gen49bifolioimgs.gen49_23v_24r,"Genève, Bibliothèque de Genève, Ms. lat. 49, bifolio spread of folios 23 verso and 24 recto","This image is a composite created from images made available under the terms of a Creative Commons license (CC BY-NC 3.0).  Any reuse must include the following attribution: Genève, Bibliothèque de Genève, Ms. lat. 49, f. 23r  and 24v (www.e-codices.unifr.ch)."
urn:cite:hcmid:gen49bifolioimgs.gen49_24v_25r,"Genève, Bibliothèque de Genève, Ms. lat. 49, bifolio spread of folios 24 verso and 25 recto","This image is a composite created from images made available under the terms of a Creative Commons license (CC BY-NC 3.0).  Any reuse must include the following attribution: Genève, Bibliothèque de Genève, Ms. lat. 49, f. 24r  and 25v (www.e-codices.unifr.ch)."
urn:cite:hcmid:gen49bifolioimgs.gen49_25v_26r,"Genève, Bibliothèque de Genève, Ms. lat. 49, bifolio spread of folios 25 verso and 26 recto","This image is a composite created from images made available under the terms of a Creative Commons license (CC BY-NC 3.0).  Any reuse must include the following attribution: Genève, Bibliothèque de Genève, Ms. lat. 49, f. 25r  and 26v (www.e-codices.unifr.ch)."
urn:cite:hcmid:gen49bifolioimgs.gen49_26v_27r,"Genève, Bibliothèque de Genève, Ms. lat. 49, bifolio spread of folios 26 verso and 27 recto","This image is a composite created from images made available under the terms of a Creative Commons license (CC BY-NC 3.0).  Any reuse must include the following attribution: Genève, Bibliothèque de Genève, Ms. lat. 49, f. 26r  and 27v (www.e-codices.unifr.ch)."
urn:cite:hcmid:gen49bifolioimgs.gen49_27v_28r,"Genève, Bibliothèque de Genève, Ms. lat. 49, bifolio spread of folios 27 verso and 28 recto","This image is a composite created from images made available under the terms of a Creative Commons license (CC BY-NC 3.0).  Any reuse must include the following attribution: Genève, Bibliothèque de Genève, Ms. lat. 49, f. 27r  and 28v (www.e-codices.unifr.ch)."
urn:cite:hcmid:gen49bifolioimgs.gen49_28v_29r,"Genève, Bibliothèque de Genève, Ms. lat. 49, bifolio spread of folios 28 verso and 29 recto","This image is a composite created from images made available under the terms of a Creative Commons license (CC BY-NC 3.0).  Any reuse must include the following attribution: Genève, Bibliothèque de Genève, Ms. lat. 49, f. 28r  and 29v (www.e-codices.unifr.ch)."
urn:cite:hcmid:gen49bifolioimgs.gen49_29v_30r,"Genève, Bibliothèque de Genève, Ms. lat. 49, bifolio spread of folios 29 verso and 30 recto","This image is a composite created from images made available under the terms of a Creative Commons license (CC BY-NC 3.0).  Any reuse must include the following attribution: Genève, Bibliothèque de Genève, Ms. lat. 49, f. 29r  and 30v (www.e-codices.unifr.ch)."
urn:cite:hcmid:gen49bifolioimgs.gen49_30v_31r,"Genève, Bibliothèque de Genève, Ms. lat. 49, bifolio spread of folios 30 verso and 31 recto","This image is a composite created from images made available under the terms of a Creative Commons license (CC BY-NC 3.0).  Any reuse must include the following attribution: Genève, Bibliothèque de Genève, Ms. lat. 49, f. 30r  and 31v (www.e-codices.unifr.ch)."
urn:cite:hcmid:gen49bifolioimgs.gen49_31v_32r,"Genève, Bibliothèque de Genève, Ms. lat. 49, bifolio spread of folios 31 verso and 32 recto","This image is a composite created from images made available under the terms of a Creative Commons license (CC BY-NC 3.0).  Any reuse must include the following attribution: Genève, Bibliothèque de Genève, Ms. lat. 49, f. 31r  and 32v (www.e-codices.unifr.ch)."
urn:cite:hcmid:gen49bifolioimgs.gen49_32v_33r,"Genève, Bibliothèque de Genève, Ms. lat. 49, bifolio spread of folios 32 verso and 33 recto","This image is a composite created from images made available under the terms of a Creative Commons license (CC BY-NC 3.0).  Any reuse must include the following attribution: Genève, Bibliothèque de Genève, Ms. lat. 49, f. 32r  and 33v (www.e-codices.unifr.ch)."
urn:cite:hcmid:gen49bifolioimgs.gen49_33v_34r,"Genève, Bibliothèque de Genève, Ms. lat. 49, bifolio spread of folios 33 verso and 34 recto","This image is a composite created from images made available under the terms of a Creative Commons license (CC BY-NC 3.0).  Any reuse must include the following attribution: Genève, Bibliothèque de Genève, Ms. lat. 49, f. 33r  and 34v (www.e-codices.unifr.ch)."
urn:cite:hcmid:gen49bifolioimgs.gen49_34v_35r,"Genève, Bibliothèque de Genève, Ms. lat. 49, bifolio spread of folios 34 verso and 35 recto","This image is a composite created from images made available under the terms of a Creative Commons license (CC BY-NC 3.0).  Any reuse must include the following attribution: Genève, Bibliothèque de Genève, Ms. lat. 49, f. 34r  and 35v (www.e-codices.unifr.ch)."
urn:cite:hcmid:gen49bifolioimgs.gen49_35v_36r,"Genève, Bibliothèque de Genève, Ms. lat. 49, bifolio spread of folios 35 verso and 36 recto","This image is a composite created from images made available under the terms of a Creative Commons license (CC BY-NC 3.0).  Any reuse must include the following attribution: Genève, Bibliothèque de Genève, Ms. lat. 49, f. 35r  and 36v (www.e-codices.unifr.ch)."
urn:cite:hcmid:gen49bifolioimgs.gen49_36v_37r,"Genève, Bibliothèque de Genève, Ms. lat. 49, bifolio spread of folios 36 verso and 37 recto","This image is a composite created from images made available under the terms of a Creative Commons license (CC BY-NC 3.0).  Any reuse must include the following attribution: Genève, Bibliothèque de Genève, Ms. lat. 49, f. 36r  and 37v (www.e-codices.unifr.ch)."
urn:cite:hcmid:gen49bifolioimgs.gen49_37v_38r,"Genève, Bibliothèque de Genève, Ms. lat. 49, bifolio spread of folios 37 verso and 38 recto","This image is a composite created from images made available under the terms of a Creative Commons license (CC BY-NC 3.0).  Any reuse must include the following attribution: Genève, Bibliothèque de Genève, Ms. lat. 49, f. 37r  and 38v (www.e-codices.unifr.ch)."
urn:cite:hcmid:gen49bifolioimgs.gen49_38v_39r,"Genève, Bibliothèque de Genève, Ms. lat. 49, bifolio spread of folios 38 verso and 39 recto","This image is a composite created from images made available under the terms of a Creative Commons license (CC BY-NC 3.0).  Any reuse must include the following attribution: Genève, Bibliothèque de Genève, Ms. lat. 49, f. 38r  and 39v (www.e-codices.unifr.ch)."
urn:cite:hcmid:gen49bifolioimgs.gen49_39v_40r,"Genève, Bibliothèque de Genève, Ms. lat. 49, bifolio spread of folios 39 verso and 40 recto","This image is a composite created from images made available under the terms of a Creative Commons license (CC BY-NC 3.0).  Any reuse must include the following attribution: Genève, Bibliothèque de Genève, Ms. lat. 49, f. 39r  and 40v (www.e-codices.unifr.ch)."
urn:cite:hcmid:gen49bifolioimgs.gen49_40v_41r,"Genève, Bibliothèque de Genève, Ms. lat. 49, bifolio spread of folios 40 verso and 41 recto","This image is a composite created from images made available under the terms of a Creative Commons license (CC BY-NC 3.0).  Any reuse must include the following attribution: Genève, Bibliothèque de Genève, Ms. lat. 49, f. 40r  and 41v (www.e-codices.unifr.ch)."
urn:cite:hcmid:gen49bifolioimgs.gen49_41v_42r,"Genève, Bibliothèque de Genève, Ms. lat. 49, bifolio spread of folios 41 verso and 42 recto","This image is a composite created from images made available under the terms of a Creative Commons license (CC BY-NC 3.0).  Any reuse must include the following attribution: Genève, Bibliothèque de Genève, Ms. lat. 49, f. 41r  and 42v (www.e-codices.unifr.ch)."
urn:cite:hcmid:gen49bifolioimgs.gen49_42v_43r,"Genève, Bibliothèque de Genève, Ms. lat. 49, bifolio spread of folios 42 verso and 43 recto","This image is a composite created from images made available under the terms of a Creative Commons license (CC BY-NC 3.0).  Any reuse must include the following attribution: Genève, Bibliothèque de Genève, Ms. lat. 49, f. 42r  and 43v (www.e-codices.unifr.ch)."
urn:cite:hcmid:gen49bifolioimgs.gen49_43v_44r,"Genève, Bibliothèque de Genève, Ms. lat. 49, bifolio spread of folios 43 verso and 44 recto","This image is a composite created from images made available under the terms of a Creative Commons license (CC BY-NC 3.0).  Any reuse must include the following attribution: Genève, Bibliothèque de Genève, Ms. lat. 49, f. 43r  and 44v (www.e-codices.unifr.ch)."
urn:cite:hcmid:gen49bifolioimgs.gen49_44v_45r,"Genève, Bibliothèque de Genève, Ms. lat. 49, bifolio spread of folios 44 verso and 45 recto","This image is a composite created from images made available under the terms of a Creative Commons license (CC BY-NC 3.0).  Any reuse must include the following attribution: Genève, Bibliothèque de Genève, Ms. lat. 49, f. 44r  and 45v (www.e-codices.unifr.ch)."
urn:cite:hcmid:gen49bifolioimgs.gen49_45v_46r,"Genève, Bibliothèque de Genève, Ms. lat. 49, bifolio spread of folios 45 verso and 46 recto","This image is a composite created from images made available under the terms of a Creative Commons license (CC BY-NC 3.0).  Any reuse must include the following attribution: Genève, Bibliothèque de Genève, Ms. lat. 49, f. 45r  and 46v (www.e-codices.unifr.ch)."
urn:cite:hcmid:gen49bifolioimgs.gen49_46v_47r,"Genève, Bibliothèque de Genève, Ms. lat. 49, bifolio spread of folios 46 verso and 47 recto","This image is a composite created from images made available under the terms of a Creative Commons license (CC BY-NC 3.0).  Any reuse must include the following attribution: Genève, Bibliothèque de Genève, Ms. lat. 49, f. 46r  and 47v (www.e-codices.unifr.ch)."
urn:cite:hcmid:gen49bifolioimgs.gen49_47v_48r,"Genève, Bibliothèque de Genève, Ms. lat. 49, bifolio spread of folios 47 verso and 48 recto","This image is a composite created from images made available under the terms of a Creative Commons license (CC BY-NC 3.0).  Any reuse must include the following attribution: Genève, Bibliothèque de Genève, Ms. lat. 49, f. 47r  and 48v (www.e-codices.unifr.ch)."
urn:cite:hcmid:gen49bifolioimgs.gen49_48v_49r,"Genève, Bibliothèque de Genève, Ms. lat. 49, bifolio spread of folios 48 verso and 49 recto","This image is a composite created from images made available under the terms of a Creative Commons license (CC BY-NC 3.0).  Any reuse must include the following attribution: Genève, Bibliothèque de Genève, Ms. lat. 49, f. 48r  and 49v (www.e-codices.unifr.ch)."
urn:cite:hcmid:gen49bifolioimgs.gen49_49v_50r,"Genève, Bibliothèque de Genève, Ms. lat. 49, bifolio spread of folios 49 verso and 50 recto","This image is a composite created from images made available under the terms of a Creative Commons license (CC BY-NC 3.0).  Any reuse must include the following attribution: Genève, Bibliothèque de Genève, Ms. lat. 49, f. 49r  and 50v (www.e-codices.unifr.ch)."
urn:cite:hcmid:gen49bifolioimgs.gen49_50v_51r,"Genève, Bibliothèque de Genève, Ms. lat. 49, bifolio spread of folios 50 verso and 51 recto","This image is a composite created from images made available under the terms of a Creative Commons license (CC BY-NC 3.0).  Any reuse must include the following attribution: Genève, Bibliothèque de Genève, Ms. lat. 49, f. 50r  and 51v (www.e-codices.unifr.ch)."
urn:cite:hcmid:gen49bifolioimgs.gen49_51v_52r,"Genève, Bibliothèque de Genève, Ms. lat. 49, bifolio spread of folios 51 verso and 52 recto","This image is a composite created from images made available under the terms of a Creative Commons license (CC BY-NC 3.0).  Any reuse must include the following attribution: Genève, Bibliothèque de Genève, Ms. lat. 49, f. 51r  and 52v (www.e-codices.unifr.ch)."
urn:cite:hcmid:gen49bifolioimgs.gen49_52v_53r,"Genève, Bibliothèque de Genève, Ms. lat. 49, bifolio spread of folios 52 verso and 53 recto","This image is a composite created from images made available under the terms of a Creative Commons license (CC BY-NC 3.0).  Any reuse must include the following attribution: Genève, Bibliothèque de Genève, Ms. lat. 49, f. 52r  and 53v (www.e-codices.unifr.ch)."
urn:cite:hcmid:gen49bifolioimgs.gen49_53v_54r,"Genève, Bibliothèque de Genève, Ms. lat. 49, bifolio spread of folios 53 verso and 54 recto","This image is a composite created from images made available under the terms of a Creative Commons license (CC BY-NC 3.0).  Any reuse must include the following attribution: Genève, Bibliothèque de Genève, Ms. lat. 49, f. 53r  and 54v (www.e-codices.unifr.ch)."
urn:cite:hcmid:gen49bifolioimgs.gen49_54v_55r,"Genève, Bibliothèque de Genève, Ms. lat. 49, bifolio spread of folios 54 verso and 55 recto","This image is a composite created from images made available under the terms of a Creative Commons license (CC BY-NC 3.0).  Any reuse must include the following attribution: Genève, Bibliothèque de Genève, Ms. lat. 49, f. 54r  and 55v (www.e-codices.unifr.ch)."
urn:cite:hcmid:gen49bifolioimgs.gen49_55v_56r,"Genève, Bibliothèque de Genève, Ms. lat. 49, bifolio spread of folios 55 verso and 56 recto","This image is a composite created from images made available under the terms of a Creative Commons license (CC BY-NC 3.0).  Any reuse must include the following attribution: Genève, Bibliothèque de Genève, Ms. lat. 49, f. 55r  and 56v (www.e-codices.unifr.ch)."
urn:cite:hcmid:gen49bifolioimgs.gen49_56v_57r,"Genève, Bibliothèque de Genève, Ms. lat. 49, bifolio spread of folios 56 verso and 57 recto","This image is a composite created from images made available under the terms of a Creative Commons license (CC BY-NC 3.0).  Any reuse must include the following attribution: Genève, Bibliothèque de Genève, Ms. lat. 49, f. 56r  and 57v (www.e-codices.unifr.ch)."
urn:cite:hcmid:gen49bifolioimgs.gen49_57v_58r,"Genève, Bibliothèque de Genève, Ms. lat. 49, bifolio spread of folios 57 verso and 58 recto","This image is a composite created from images made available under the terms of a Creative Commons license (CC BY-NC 3.0).  Any reuse must include the following attribution: Genève, Bibliothèque de Genève, Ms. lat. 49, f. 57r  and 58v (www.e-codices.unifr.ch)."
urn:cite:hcmid:gen49bifolioimgs.gen49_58v_59r,"Genève, Bibliothèque de Genève, Ms. lat. 49, bifolio spread of folios 58 verso and 59 recto","This image is a composite created from images made available under the terms of a Creative Commons license (CC BY-NC 3.0).  Any reuse must include the following attribution: Genève, Bibliothèque de Genève, Ms. lat. 49, f. 58r  and 59v (www.e-codices.unifr.ch)."
urn:cite:hcmid:gen49bifolioimgs.gen49_59v_60r,"Genève, Bibliothèque de Genève, Ms. lat. 49, bifolio spread of folios 59 verso and 60 recto","This image is a composite created from images made available under the terms of a Creative Commons license (CC BY-NC 3.0).  Any reuse must include the following attribution: Genève, Bibliothèque de Genève, Ms. lat. 49, f. 59r  and 60v (www.e-codices.unifr.ch)."
urn:cite:hcmid:gen49bifolioimgs.gen49_60v_61r,"Genève, Bibliothèque de Genève, Ms. lat. 49, bifolio spread of folios 60 verso and 61 recto","This image is a composite created from images made available under the terms of a Creative Commons license (CC BY-NC 3.0).  Any reuse must include the following attribution: Genève, Bibliothèque de Genève, Ms. lat. 49, f. 60r  and 61v (www.e-codices.unifr.ch)."
urn:cite:hcmid:gen49bifolioimgs.gen49_61v_62r,"Genève, Bibliothèque de Genève, Ms. lat. 49, bifolio spread of folios 61 verso and 62 recto","This image is a composite created from images made available under the terms of a Creative Commons license (CC BY-NC 3.0).  Any reuse must include the following attribution: Genève, Bibliothèque de Genève, Ms. lat. 49, f. 61r  and 62v (www.e-codices.unifr.ch)."
urn:cite:hcmid:gen49bifolioimgs.gen49_62v_63r,"Genève, Bibliothèque de Genève, Ms. lat. 49, bifolio spread of folios 62 verso and 63 recto","This image is a composite created from images made available under the terms of a Creative Commons license (CC BY-NC 3.0).  Any reuse must include the following attribution: Genève, Bibliothèque de Genève, Ms. lat. 49, f. 62r  and 63v (www.e-codices.unifr.ch)."
urn:cite:hcmid:gen49bifolioimgs.gen49_63v_64r,"Genève, Bibliothèque de Genève, Ms. lat. 49, bifolio spread of folios 63 verso and 64 recto","This image is a composite created from images made available under the terms of a Creative Commons license (CC BY-NC 3.0).  Any reuse must include the following attribution: Genève, Bibliothèque de Genève, Ms. lat. 49, f. 63r  and 64v (www.e-codices.unifr.ch)."
urn:cite:hcmid:gen49bifolioimgs.gen49_64v_65r,"Genève, Bibliothèque de Genève, Ms. lat. 49, bifolio spread of folios 64 verso and 65 recto","This image is a composite created from images made available under the terms of a Creative Commons license (CC BY-NC 3.0).  Any reuse must include the following attribution: Genève, Bibliothèque de Genève, Ms. lat. 49, f. 64r  and 65v (www.e-codices.unifr.ch)."
urn:cite:hcmid:gen49bifolioimgs.gen49_65v_66r,"Genève, Bibliothèque de Genève, Ms. lat. 49, bifolio spread of folios 65 verso and 66 recto","This image is a composite created from images made available under the terms of a Creative Commons license (CC BY-NC 3.0).  Any reuse must include the following attribution: Genève, Bibliothèque de Genève, Ms. lat. 49, f. 65r  and 66v (www.e-codices.unifr.ch)."
urn:cite:hcmid:gen49bifolioimgs.gen49_66v_67r,"Genève, Bibliothèque de Genève, Ms. lat. 49, bifolio spread of folios 66 verso and 67 recto","This image is a composite created from images made available under the terms of a Creative Commons license (CC BY-NC 3.0).  Any reuse must include the following attribution: Genève, Bibliothèque de Genève, Ms. lat. 49, f. 66r  and 67v (www.e-codices.unifr.ch)."
urn:cite:hcmid:gen49bifolioimgs.gen49_67v_68r,"Genève, Bibliothèque de Genève, Ms. lat. 49, bifolio spread of folios 67 verso and 68 recto","This image is a composite created from images made available under the terms of a Creative Commons license (CC BY-NC 3.0).  Any reuse must include the following attribution: Genève, Bibliothèque de Genève, Ms. lat. 49, f. 67r  and 68v (www.e-codices.unifr.ch)."
urn:cite:hcmid:gen49bifolioimgs.gen49_68v_69r,"Genève, Bibliothèque de Genève, Ms. lat. 49, bifolio spread of folios 68 verso and 69 recto","This image is a composite created from images made available under the terms of a Creative Commons license (CC BY-NC 3.0).  Any reuse must include the following attribution: Genève, Bibliothèque de Genève, Ms. lat. 49, f. 68r  and 69v (www.e-codices.unifr.ch)."
urn:cite:hcmid:gen49bifolioimgs.gen49_69v_70r,"Genève, Bibliothèque de Genève, Ms. lat. 49, bifolio spread of folios 69 verso and 70 recto","This image is a composite created from images made available under the terms of a Creative Commons license (CC BY-NC 3.0).  Any reuse must include the following attribution: Genève, Bibliothèque de Genève, Ms. lat. 49, f. 69r  and 70v (www.e-codices.unifr.ch)."
urn:cite:hcmid:gen49bifolioimgs.gen49_70v_71r,"Genève, Bibliothèque de Genève, Ms. lat. 49, bifolio spread of folios 70 verso and 71 recto","This image is a composite created from images made available under the terms of a Creative Commons license (CC BY-NC 3.0).  Any reuse must include the following attribution: Genève, Bibliothèque de Genève, Ms. lat. 49, f. 70r  and 71v (www.e-codices.unifr.ch)."
urn:cite:hcmid:gen49bifolioimgs.gen49_71v_72r,"Genève, Bibliothèque de Genève, Ms. lat. 49, bifolio spread of folios 71 verso and 72 recto","This image is a composite created from images made available under the terms of a Creative Commons license (CC BY-NC 3.0).  Any reuse must include the following attribution: Genève, Bibliothèque de Genève, Ms. lat. 49, f. 71r  and 72v (www.e-codices.unifr.ch)."
urn:cite:hcmid:gen49bifolioimgs.gen49_72v_73r,"Genève, Bibliothèque de Genève, Ms. lat. 49, bifolio spread of folios 72 verso and 73 recto","This image is a composite created from images made available under the terms of a Creative Commons license (CC BY-NC 3.0).  Any reuse must include the following attribution: Genève, Bibliothèque de Genève, Ms. lat. 49, f. 72r  and 73v (www.e-codices.unifr.ch)."
urn:cite:hcmid:gen49bifolioimgs.gen49_73v_74r,"Genève, Bibliothèque de Genève, Ms. lat. 49, bifolio spread of folios 73 verso and 74 recto","This image is a composite created from images made available under the terms of a Creative Commons license (CC BY-NC 3.0).  Any reuse must include the following attribution: Genève, Bibliothèque de Genève, Ms. lat. 49, f. 73r  and 74v (www.e-codices.unifr.ch)."
urn:cite:hcmid:gen49bifolioimgs.gen49_74v_75r,"Genève, Bibliothèque de Genève, Ms. lat. 49, bifolio spread of folios 74 verso and 75 recto","This image is a composite created from images made available under the terms of a Creative Commons license (CC BY-NC 3.0).  Any reuse must include the following attribution: Genève, Bibliothèque de Genève, Ms. lat. 49, f. 74r  and 75v (www.e-codices.unifr.ch)."
urn:cite:hcmid:gen49bifolioimgs.gen49_75v_76r,"Genève, Bibliothèque de Genève, Ms. lat. 49, bifolio spread of folios 75 verso and 76 recto","This image is a composite created from images made available under the terms of a Creative Commons license (CC BY-NC 3.0).  Any reuse must include the following attribution: Genève, Bibliothèque de Genève, Ms. lat. 49, f. 75r  and 76v (www.e-codices.unifr.ch)."
urn:cite:hcmid:gen49bifolioimgs.gen49_76v_77r,"Genève, Bibliothèque de Genève, Ms. lat. 49, bifolio spread of folios 76 verso and 77 recto","This image is a composite created from images made available under the terms of a Creative Commons license (CC BY-NC 3.0).  Any reuse must include the following attribution: Genève, Bibliothèque de Genève, Ms. lat. 49, f. 76r  and 77v (www.e-codices.unifr.ch)."
urn:cite:hcmid:gen49bifolioimgs.gen49_77v_78r,"Genève, Bibliothèque de Genève, Ms. lat. 49, bifolio spread of folios 77 verso and 78 recto","This image is a composite created from images made available under the terms of a Creative Commons license (CC BY-NC 3.0).  Any reuse must include the following attribution: Genève, Bibliothèque de Genève, Ms. lat. 49, f. 77r  and 78v (www.e-codices.unifr.ch)."
urn:cite:hcmid:gen49bifolioimgs.gen49_78v_79r,"Genève, Bibliothèque de Genève, Ms. lat. 49, bifolio spread of folios 78 verso and 79 recto","This image is a composite created from images made available under the terms of a Creative Commons license (CC BY-NC 3.0).  Any reuse must include the following attribution: Genève, Bibliothèque de Genève, Ms. lat. 49, f. 78r  and 79v (www.e-codices.unifr.ch)."
urn:cite:hcmid:gen49bifolioimgs.gen49_79v_80r,"Genève, Bibliothèque de Genève, Ms. lat. 49, bifolio spread of folios 79 verso and 80 recto","This image is a composite created from images made available under the terms of a Creative Commons license (CC BY-NC 3.0).  Any reuse must include the following attribution: Genève, Bibliothèque de Genève, Ms. lat. 49, f. 79r  and 80v (www.e-codices.unifr.ch)."
urn:cite:hcmid:gen49bifolioimgs.gen49_80v_81r,"Genève, Bibliothèque de Genève, Ms. lat. 49, bifolio spread of folios 80 verso and 81 recto","This image is a composite created from images made available under the terms of a Creative Commons license (CC BY-NC 3.0).  Any reuse must include the following attribution: Genève, Bibliothèque de Genève, Ms. lat. 49, f. 80r  and 81v (www.e-codices.unifr.ch)."
urn:cite:hcmid:gen49bifolioimgs.gen49_81v_82r,"Genève, Bibliothèque de Genève, Ms. lat. 49, bifolio spread of folios 81 verso and 82 recto","This image is a composite created from images made available under the terms of a Creative Commons license (CC BY-NC 3.0).  Any reuse must include the following attribution: Genève, Bibliothèque de Genève, Ms. lat. 49, f. 81r  and 82v (www.e-codices.unifr.ch)."
urn:cite:hcmid:gen49bifolioimgs.gen49_82v_83r,"Genève, Bibliothèque de Genève, Ms. lat. 49, bifolio spread of folios 82 verso and 83 recto","This image is a composite created from images made available under the terms of a Creative Commons license (CC BY-NC 3.0).  Any reuse must include the following attribution: Genève, Bibliothèque de Genève, Ms. lat. 49, f. 82r  and 83v (www.e-codices.unifr.ch)."
urn:cite:hcmid:gen49bifolioimgs.gen49_83v_84r,"Genève, Bibliothèque de Genève, Ms. lat. 49, bifolio spread of folios 83 verso and 84 recto","This image is a composite created from images made available under the terms of a Creative Commons license (CC BY-NC 3.0).  Any reuse must include the following attribution: Genève, Bibliothèque de Genève, Ms. lat. 49, f. 83r  and 84v (www.e-codices.unifr.ch)."
urn:cite:hcmid:gen49bifolioimgs.gen49_84v_85r,"Genève, Bibliothèque de Genève, Ms. lat. 49, bifolio spread of folios 84 verso and 85 recto","This image is a composite created from images made available under the terms of a Creative Commons license (CC BY-NC 3.0).  Any reuse must include the following attribution: Genève, Bibliothèque de Genève, Ms. lat. 49, f. 84r  and 85v (www.e-codices.unifr.ch)."
urn:cite:hcmid:gen49bifolioimgs.gen49_85v_86r,"Genève, Bibliothèque de Genève, Ms. lat. 49, bifolio spread of folios 85 verso and 86 recto","This image is a composite created from images made available under the terms of a Creative Commons license (CC BY-NC 3.0).  Any reuse must include the following attribution: Genève, Bibliothèque de Genève, Ms. lat. 49, f. 85r  and 86v (www.e-codices.unifr.ch)."
urn:cite:hcmid:gen49bifolioimgs.gen49_86v_87r,"Genève, Bibliothèque de Genève, Ms. lat. 49, bifolio spread of folios 86 verso and 87 recto","This image is a composite created from images made available under the terms of a Creative Commons license (CC BY-NC 3.0).  Any reuse must include the following attribution: Genève, Bibliothèque de Genève, Ms. lat. 49, f. 86r  and 87v (www.e-codices.unifr.ch)."
urn:cite:hcmid:gen49bifolioimgs.gen49_87v_88r,"Genève, Bibliothèque de Genève, Ms. lat. 49, bifolio spread of folios 87 verso and 88 recto","This image is a composite created from images made available under the terms of a Creative Commons license (CC BY-NC 3.0).  Any reuse must include the following attribution: Genève, Bibliothèque de Genève, Ms. lat. 49, f. 87r  and 88v (www.e-codices.unifr.ch)."
urn:cite:hcmid:gen49bifolioimgs.gen49_88v_89r,"Genève, Bibliothèque de Genève, Ms. lat. 49, bifolio spread of folios 88 verso and 89 recto","This image is a composite created from images made available under the terms of a Creative Commons license (CC BY-NC 3.0).  Any reuse must include the following attribution: Genève, Bibliothèque de Genève, Ms. lat. 49, f. 88r  and 89v (www.e-codices.unifr.ch)."
urn:cite:hcmid:gen49bifolioimgs.gen49_89v_90r,"Genève, Bibliothèque de Genève, Ms. lat. 49, bifolio spread of folios 89 verso and 90 recto","This image is a composite created from images made available under the terms of a Creative Commons license (CC BY-NC 3.0).  Any reuse must include the following attribution: Genève, Bibliothèque de Genève, Ms. lat. 49, f. 89r  and 90v (www.e-codices.unifr.ch)."
urn:cite:hcmid:gen49bifolioimgs.gen49_90v_91r,"Genève, Bibliothèque de Genève, Ms. lat. 49, bifolio spread of folios 90 verso and 91 recto","This image is a composite created from images made available under the terms of a Creative Commons license (CC BY-NC 3.0).  Any reuse must include the following attribution: Genève, Bibliothèque de Genève, Ms. lat. 49, f. 90r  and 91v (www.e-codices.unifr.ch)."
urn:cite:hcmid:gen49bifolioimgs.gen49_91v_92r,"Genève, Bibliothèque de Genève, Ms. lat. 49, bifolio spread of folios 91 verso and 92 recto","This image is a composite created from images made available under the terms of a Creative Commons license (CC BY-NC 3.0).  Any reuse must include the following attribution: Genève, Bibliothèque de Genève, Ms. lat. 49, f. 91r  and 92v (www.e-codices.unifr.ch)."
urn:cite:hcmid:gen49bifolioimgs.gen49_92v_93r,"Genève, Bibliothèque de Genève, Ms. lat. 49, bifolio spread of folios 92 verso and 93 recto","This image is a composite created from images made available under the terms of a Creative Commons license (CC BY-NC 3.0).  Any reuse must include the following attribution: Genève, Bibliothèque de Genève, Ms. lat. 49, f. 92r  and 93v (www.e-codices.unifr.ch)."
urn:cite:hcmid:gen49bifolioimgs.gen49_93v_94r,"Genève, Bibliothèque de Genève, Ms. lat. 49, bifolio spread of folios 93 verso and 94 recto","This image is a composite created from images made available under the terms of a Creative Commons license (CC BY-NC 3.0).  Any reuse must include the following attribution: Genève, Bibliothèque de Genève, Ms. lat. 49, f. 93r  and 94v (www.e-codices.unifr.ch)."
urn:cite:hcmid:gen49bifolioimgs.gen49_94v_95r,"Genève, Bibliothèque de Genève, Ms. lat. 49, bifolio spread of folios 94 verso and 95 recto","This image is a composite created from images made available under the terms of a Creative Commons license (CC BY-NC 3.0).  Any reuse must include the following attribution: Genève, Bibliothèque de Genève, Ms. lat. 49, f. 94r  and 95v (www.e-codices.unifr.ch)."
urn:cite:hcmid:gen49bifolioimgs.gen49_95v_96r,"Genève, Bibliothèque de Genève, Ms. lat. 49, bifolio spread of folios 95 verso and 96 recto","This image is a composite created from images made available under the terms of a Creative Commons license (CC BY-NC 3.0).  Any reuse must include the following attribution: Genève, Bibliothèque de Genève, Ms. lat. 49, f. 95r  and 96v (www.e-codices.unifr.ch)."
urn:cite:hcmid:gen49bifolioimgs.gen49_96v_97r,"Genève, Bibliothèque de Genève, Ms. lat. 49, bifolio spread of folios 96 verso and 97 recto","This image is a composite created from images made available under the terms of a Creative Commons license (CC BY-NC 3.0).  Any reuse must include the following attribution: Genève, Bibliothèque de Genève, Ms. lat. 49, f. 96r  and 97v (www.e-codices.unifr.ch)."
urn:cite:hcmid:gen49bifolioimgs.gen49_97v_98r,"Genève, Bibliothèque de Genève, Ms. lat. 49, bifolio spread of folios 97 verso and 98 recto","This image is a composite created from images made available under the terms of a Creative Commons license (CC BY-NC 3.0).  Any reuse must include the following attribution: Genève, Bibliothèque de Genève, Ms. lat. 49, f. 97r  and 98v (www.e-codices.unifr.ch)."
urn:cite:hcmid:gen49bifolioimgs.gen49_98v_99r,"Genève, Bibliothèque de Genève, Ms. lat. 49, bifolio spread of folios 98 verso and 99 recto","This image is a composite created from images made available under the terms of a Creative Commons license (CC BY-NC 3.0).  Any reuse must include the following attribution: Genève, Bibliothèque de Genève, Ms. lat. 49, f. 98r  and 99v (www.e-codices.unifr.ch)."
urn:cite:hcmid:gen49bifolioimgs.gen49_99v_100r,"Genève, Bibliothèque de Genève, Ms. lat. 49, bifolio spread of folios 99 verso and 100 recto","This image is a composite created from images made available under the terms of a Creative Commons license (CC BY-NC 3.0).  Any reuse must include the following attribution: Genève, Bibliothèque de Genève, Ms. lat. 49, f. 99r  and 100v (www.e-codices.unifr.ch)."
urn:cite:hcmid:gen49bifolioimgs.gen49_100v_101r,"Genève, Bibliothèque de Genève, Ms. lat. 49, bifolio spread of folios 100 verso and 101 recto","This image is a composite created from images made available under the terms of a Creative Commons license (CC BY-NC 3.0).  Any reuse must include the following attribution: Genève, Bibliothèque de Genève, Ms. lat. 49, f. 100r  and 101v (www.e-codices.unifr.ch)."
urn:cite:hcmid:gen49bifolioimgs.gen49_101v_102r,"Genève, Bibliothèque de Genève, Ms. lat. 49, bifolio spread of folios 101 verso and 102 recto","This image is a composite created from images made available under the terms of a Creative Commons license (CC BY-NC 3.0).  Any reuse must include the following attribution: Genève, Bibliothèque de Genève, Ms. lat. 49, f. 101r  and 102v (www.e-codices.unifr.ch)."
urn:cite:hcmid:gen49bifolioimgs.gen49_102v_103r,"Genève, Bibliothèque de Genève, Ms. lat. 49, bifolio spread of folios 102 verso and 103 recto","This image is a composite created from images made available under the terms of a Creative Commons license (CC BY-NC 3.0).  Any reuse must include the following attribution: Genève, Bibliothèque de Genève, Ms. lat. 49, f. 102r  and 103v (www.e-codices.unifr.ch)."
urn:cite:hcmid:gen49bifolioimgs.gen49_103v_104r,"Genève, Bibliothèque de Genève, Ms. lat. 49, bifolio spread of folios 103 verso and 104 recto","This image is a composite created from images made available under the terms of a Creative Commons license (CC BY-NC 3.0).  Any reuse must include the following attribution: Genève, Bibliothèque de Genève, Ms. lat. 49, f. 103r  and 104v (www.e-codices.unifr.ch)."
urn:cite:hcmid:gen49bifolioimgs.gen49_104v_105r,"Genève, Bibliothèque de Genève, Ms. lat. 49, bifolio spread of folios 104 verso and 105 recto","This image is a composite created from images made available under the terms of a Creative Commons license (CC BY-NC 3.0).  Any reuse must include the following attribution: Genève, Bibliothèque de Genève, Ms. lat. 49, f. 104r  and 105v (www.e-codices.unifr.ch)."
urn:cite:hcmid:gen49bifolioimgs.gen49_105v_106r,"Genève, Bibliothèque de Genève, Ms. lat. 49, bifolio spread of folios 105 verso and 106 recto","This image is a composite created from images made available under the terms of a Creative Commons license (CC BY-NC 3.0).  Any reuse must include the following attribution: Genève, Bibliothèque de Genève, Ms. lat. 49, f. 105r  and 106v (www.e-codices.unifr.ch)."
urn:cite:hcmid:gen49bifolioimgs.gen49_106v_107r,"Genève, Bibliothèque de Genève, Ms. lat. 49, bifolio spread of folios 106 verso and 107 recto","This image is a composite created from images made available under the terms of a Creative Commons license (CC BY-NC 3.0).  Any reuse must include the following attribution: Genève, Bibliothèque de Genève, Ms. lat. 49, f. 106r  and 107v (www.e-codices.unifr.ch)."
urn:cite:hcmid:gen49bifolioimgs.gen49_107v_108r,"Genève, Bibliothèque de Genève, Ms. lat. 49, bifolio spread of folios 107 verso and 108 recto","This image is a composite created from images made available under the terms of a Creative Commons license (CC BY-NC 3.0).  Any reuse must include the following attribution: Genève, Bibliothèque de Genève, Ms. lat. 49, f. 107r  and 108v (www.e-codices.unifr.ch)."
urn:cite:hcmid:gen49bifolioimgs.gen49_108v_109r,"Genève, Bibliothèque de Genève, Ms. lat. 49, bifolio spread of folios 108 verso and 109 recto","This image is a composite created from images made available under the terms of a Creative Commons license (CC BY-NC 3.0).  Any reuse must include the following attribution: Genève, Bibliothèque de Genève, Ms. lat. 49, f. 108r  and 109v (www.e-codices.unifr.ch)."
urn:cite:hcmid:gen49bifolioimgs.gen49_109v_110r,"Genève, Bibliothèque de Genève, Ms. lat. 49, bifolio spread of folios 109 verso and 110 recto","This image is a composite created from images made available under the terms of a Creative Commons license (CC BY-NC 3.0).  Any reuse must include the following attribution: Genève, Bibliothèque de Genève, Ms. lat. 49, f. 109r  and 110v (www.e-codices.unifr.ch)."
urn:cite:hcmid:gen49bifolioimgs.gen49_110v_111r,"Genève, Bibliothèque de Genève, Ms. lat. 49, bifolio spread of folios 110 verso and 111 recto","This image is a composite created from images made available under the terms of a Creative Commons license (CC BY-NC 3.0).  Any reuse must include the following attribution: Genève, Bibliothèque de Genève, Ms. lat. 49, f. 110r  and 111v (www.e-codices.unifr.ch)."
urn:cite:hcmid:gen49bifolioimgs.gen49_111v_112r,"Genève, Bibliothèque de Genève, Ms. lat. 49, bifolio spread of folios 111 verso and 112 recto","This image is a composite created from images made available under the terms of a Creative Commons license (CC BY-NC 3.0).  Any reuse must include the following attribution: Genève, Bibliothèque de Genève, Ms. lat. 49, f. 111r  and 112v (www.e-codices.unifr.ch)."
urn:cite:hcmid:gen49bifolioimgs.gen49_112v_113r,"Genève, Bibliothèque de Genève, Ms. lat. 49, bifolio spread of folios 112 verso and 113 recto","This image is a composite created from images made available under the terms of a Creative Commons license (CC BY-NC 3.0).  Any reuse must include the following attribution: Genève, Bibliothèque de Genève, Ms. lat. 49, f. 112r  and 113v (www.e-codices.unifr.ch)."
urn:cite:hcmid:gen49bifolioimgs.gen49_113v_114r,"Genève, Bibliothèque de Genève, Ms. lat. 49, bifolio spread of folios 113 verso and 114 recto","This image is a composite created from images made available under the terms of a Creative Commons license (CC BY-NC 3.0).  Any reuse must include the following attribution: Genève, Bibliothèque de Genève, Ms. lat. 49, f. 113r  and 114v (www.e-codices.unifr.ch)."
urn:cite:hcmid:gen49bifolioimgs.gen49_114v_115r,"Genève, Bibliothèque de Genève, Ms. lat. 49, bifolio spread of folios 114 verso and 115 recto","This image is a composite created from images made available under the terms of a Creative Commons license (CC BY-NC 3.0).  Any reuse must include the following attribution: Genève, Bibliothèque de Genève, Ms. lat. 49, f. 114r  and 115v (www.e-codices.unifr.ch)."
urn:cite:hcmid:gen49bifolioimgs.gen49_115v_116r,"Genève, Bibliothèque de Genève, Ms. lat. 49, bifolio spread of folios 115 verso and 116 recto","This image is a composite created from images made available under the terms of a Creative Commons license (CC BY-NC 3.0).  Any reuse must include the following attribution: Genève, Bibliothèque de Genève, Ms. lat. 49, f. 115r  and 116v (www.e-codices.unifr.ch)."
urn:cite:hcmid:gen49bifolioimgs.gen49_116v_117r,"Genève, Bibliothèque de Genève, Ms. lat. 49, bifolio spread of folios 116 verso and 117 recto","This image is a composite created from images made available under the terms of a Creative Commons license (CC BY-NC 3.0).  Any reuse must include the following attribution: Genève, Bibliothèque de Genève, Ms. lat. 49, f. 116r  and 117v (www.e-codices.unifr.ch)."
urn:cite:hcmid:gen49bifolioimgs.gen49_117v_118r,"Genève, Bibliothèque de Genève, Ms. lat. 49, bifolio spread of folios 117 verso and 118 recto","This image is a composite created from images made available under the terms of a Creative Commons license (CC BY-NC 3.0).  Any reuse must include the following attribution: Genève, Bibliothèque de Genève, Ms. lat. 49, f. 117r  and 118v (www.e-codices.unifr.ch)."
urn:cite:hcmid:gen49bifolioimgs.gen49_118v_119r,"Genève, Bibliothèque de Genève, Ms. lat. 49, bifolio spread of folios 118 verso and 119 recto","This image is a composite created from images made available under the terms of a Creative Commons license (CC BY-NC 3.0).  Any reuse must include the following attribution: Genève, Bibliothèque de Genève, Ms. lat. 49, f. 118r  and 119v (www.e-codices.unifr.ch)."
urn:cite:hcmid:gen49bifolioimgs.gen49_119v_120r,"Genève, Bibliothèque de Genève, Ms. lat. 49, bifolio spread of folios 119 verso and 120 recto","This image is a composite created from images made available under the terms of a Creative Commons license (CC BY-NC 3.0).  Any reuse must include the following attribution: Genève, Bibliothèque de Genève, Ms. lat. 49, f. 119r  and 120v (www.e-codices.unifr.ch)."
urn:cite:hcmid:gen49bifolioimgs.gen49_120v_121r,"Genève, Bibliothèque de Genève, Ms. lat. 49, bifolio spread of folios 120 verso and 121 recto","This image is a composite created from images made available under the terms of a Creative Commons license (CC BY-NC 3.0).  Any reuse must include the following attribution: Genève, Bibliothèque de Genève, Ms. lat. 49, f. 120r  and 121v (www.e-codices.unifr.ch)."
urn:cite:hcmid:gen49bifolioimgs.gen49_121v_122r,"Genève, Bibliothèque de Genève, Ms. lat. 49, bifolio spread of folios 121 verso and 122 recto","This image is a composite created from images made available under the terms of a Creative Commons license (CC BY-NC 3.0).  Any reuse must include the following attribution: Genève, Bibliothèque de Genève, Ms. lat. 49, f. 121r  and 122v (www.e-codices.unifr.ch)."
urn:cite:hcmid:gen49bifolioimgs.gen49_122v_123r,"Genève, Bibliothèque de Genève, Ms. lat. 49, bifolio spread of folios 122 verso and 123 recto","This image is a composite created from images made available under the terms of a Creative Commons license (CC BY-NC 3.0).  Any reuse must include the following attribution: Genève, Bibliothèque de Genève, Ms. lat. 49, f. 122r  and 123v (www.e-codices.unifr.ch)."
urn:cite:hcmid:gen49bifolioimgs.gen49_123v_124r,"Genève, Bibliothèque de Genève, Ms. lat. 49, bifolio spread of folios 123 verso and 124 recto","This image is a composite created from images made available under the terms of a Creative Commons license (CC BY-NC 3.0).  Any reuse must include the following attribution: Genève, Bibliothèque de Genève, Ms. lat. 49, f. 123r  and 124v (www.e-codices.unifr.ch)."
urn:cite:hcmid:gen49bifolioimgs.gen49_124v_125r,"Genève, Bibliothèque de Genève, Ms. lat. 49, bifolio spread of folios 124 verso and 125 recto","This image is a composite created from images made available under the terms of a Creative Commons license (CC BY-NC 3.0).  Any reuse must include the following attribution: Genève, Bibliothèque de Genève, Ms. lat. 49, f. 124r  and 125v (www.e-codices.unifr.ch)."
urn:cite:hcmid:gen49bifolioimgs.gen49_125v_126r,"Genève, Bibliothèque de Genève, Ms. lat. 49, bifolio spread of folios 125 verso and 126 recto","This image is a composite created from images made available under the terms of a Creative Commons license (CC BY-NC 3.0).  Any reuse must include the following attribution: Genève, Bibliothèque de Genève, Ms. lat. 49, f. 125r  and 126v (www.e-codices.unifr.ch)."
